Date,SPX,NYSEVOL,CCMP
2/21/08,1342.53,1193.01,2299.78
2/22/08,1353.11,1193.94,2303.35
2/25/08,1371.8,1272.39,2327.48
2/26/08,1381.29,1260.1,2344.99
2/27/08,1380.02,1186.13,2353.78
2/28/08,1367.68,1249.09,2331.57
2/29/08,1330.63,1515.78,2271.48
3/3/08,1331.34,1311.66,2258.6
3/4/08,1326.75,1502.79,2260.28
3/5/08,1333.7,1381.35,2272.81
3/6/08,1304.34,1327.26,2220.5
3/7/08,1293.37,1422.29,2212.49
3/10/08,1273.37,1357.65,2169.34
3/11/08,1320.65,1637.4,2255.76
3/12/08,1308.77,1315.38,2243.87
3/13/08,1315.48,1567.88,2263.61
3/14/08,1288.14,1577.36,2212.49
3/17/08,1276.6,1703.61,2177.01
3/18/08,1330.74,1655.96,2268.26
3/19/08,1298.42,1662.35,2209.96
3/20/08,1329.51,2406.6,2258.11
3/24/08,1349.88,1295.24,2326.75
3/25/08,1352.99,1184.19,2341.05
3/26/08,1341.13,1147.06,2324.36
3/27/08,1325.76,1167.24,2280.83
3/28/08,1315.22,1075.8,2261.18
3/31/08,1322.7,1200.92,2279.1
4/1/08,1370.18,1367.29,2362.75
4/2/08,1367.53,1176.16,2361.4
4/3/08,1369.31,1023.53,2363.3
4/4/08,1370.4,1006.11,2370.98
4/7/08,1372.54,1036.94,2364.83
4/8/08,1365.54,973.18,2348.76
4/9/08,1354.49,1007.55,2322.12
4/10/08,1360.55,1082.19,2351.7
4/11/08,1332.83,1061.85,2290.24
4/14/08,1328.32,939.33,2275.82
4/15/08,1334.43,1011.5,2286.04
4/16/08,1364.71,1104.69,2350.11
4/17/08,1365.56,981.37,2341.83
4/18/08,1390.33,1231.42,2402.97
4/21/08,1388.17,923.45,2408.04
4/22/08,1375.94,1102.03,2376.94
4/23/08,1379.93,1123.14,2405.21
4/24/08,1388.82,1208.1,2428.92
4/25/08,1397.84,1047.28,2422.93
4/28/08,1396.37,992.7,2424.4
4/29/08,1390.94,997.45,2426.1
4/30/08,1385.59,1218.72,2412.8
5/1/08,1409.34,1194.44,2480.71
5/2/08,1413.9,1059.18,2476.99
5/5/08,1407.49,952.55,2464.12
5/6/08,1418.26,1041.08,2483.31
5/7/08,1392.57,1062.16,2438.49
5/8/08,1397.68,1034.42,2451.24
5/9/08,1388.28,942.74,2445.52
5/12/08,1403.58,889.81,2488.49
5/13/08,1403.04,1035.97,2495.12
5/14/08,1408.66,991.27,2496.7
5/15/08,1423.57,1017.24,2533.73
5/16/08,1425.35,1125.64,2528.85
5/19/08,1426.63,955.89,2516.09
5/20/08,1413.4,1050.91,2492.26
5/21/08,1390.71,1178.55,2448.27
5/22/08,1394.35,1044.87,2464.58
5/23/08,1375.93,937.26,2444.67
5/27/08,1385.35,949.07,2481.24
5/28/08,1390.84,1006.6,2486.7
5/29/08,1398.26,1005.97,2508.32
5/30/08,1400.38,1208.96,2522.66
6/2/08,1385.67,975.81,2491.53
6/3/08,1377.65,1097.79,2480.48
6/4/08,1377.2,1089.65,2503.14
6/5/08,1404.05,1102.09,2549.94
6/6/08,1360.68,1279.68,2474.56
6/9/08,1361.76,1160.04,2459.46
6/10/08,1358.44,1171.68,2448.94
6/11/08,1335.49,1160.38,2394.01
6/12/08,1339.87,1132.86,2404.35
6/13/08,1360.03,1054.78,2454.5
6/16/08,1360.14,1004.21,2474.78
6/17/08,1350.93,914.52,2457.73
6/18/08,1337.81,1100.48,2429.71
6/19/08,1342.83,1098.03,2462.06
6/20/08,1317.93,1811.41,2406.09
6/23/08,1318,924.75,2385.74
6/24/08,1314.29,1142.33,2368.28
6/25/08,1321.97,1186.1,2401.26
6/26/08,1283.15,1317.8,2321.37
6/27/08,1278.38,2034.85,2315.63
6/30/08,1280,1414.73,2292.98
7/1/08,1284.91,1398.7,2304.97
7/2/08,1261.52,1278.45,2251.46
7/3/08,1262.9,778.49,2245.38
7/7/08,1252.31,1288.55,2243.32
7/8/08,1273.7,1459.29,2294.44
7/9/08,1244.69,1273.55,2234.89
7/10/08,1253.39,1286.47,2257.85
7/11/08,1239.49,1465.81,2239.08
7/14/08,1228.3,1192.72,2212.87
7/15/08,1214.91,1553.16,2215.71
7/16/08,1245.36,1431.37,2284.85
7/17/08,1260.32,1645.63,2312.3
7/18/08,1260.68,1488.12,2282.78
7/21/08,1260,1020.39,2279.53
7/22/08,1277,1329.7,2303.96
7/23/08,1282.19,1464.15,2325.88
7/24/08,1252.54,1390.02,2280.11
7/25/08,1257.76,1092.26,2310.53
7/28/08,1234.37,999.41,2264.22
7/29/08,1263.2,1180.99,2319.62
7/30/08,1284.26,1243.92,2329.72
7/31/08,1267.38,1248.08,2325.55
8/1/08,1260.31,1031.4,2310.96
8/4/08,1249.01,1029.04,2285.56
8/5/08,1284.88,1204.33,2349.83
8/6/08,1289.19,1017.35,2378.37
8/7/08,1266.07,1089.4,2355.73
8/8/08,1296.32,1060.25,2414.1
8/11/08,1305.32,1064.23,2439.95
8/12/08,1289.59,939.06,2430.61
8/13/08,1285.83,1009.47,2428.62
8/14/08,1292.93,850.92,2453.67
8/15/08,1298.2,1026.31,2452.52
8/18/08,1278.6,836.36,2416.98
8/19/08,1266.69,844.57,2384.36
8/20/08,1274.54,891.57,2389.08
8/21/08,1277.72,754.72,2380.38
8/22/08,1292.2,746.06,2414.71
8/25/08,1266.84,732.89,2365.59
8/26/08,1271.51,713.61,2361.97
8/27/08,1281.66,690.21,2382.46
8/28/08,1300.68,805.77,2411.64
8/29/08,1282.83,822.37,2367.52
9/2/08,1277.58,965.37,2349.24
9/3/08,1274.98,1011.89,2333.73
9/4/08,1236.83,1087.19,2259.04
9/5/08,1242.31,998.05,2255.88
9/8/08,1267.79,1446.41,2269.76
9/9/08,1224.51,1432.95,2209.81
9/10/08,1232.04,1306.72,2228.7
9/11/08,1249.05,1216.88,2258.22
9/12/08,1251.7,1102.54,2261.27
9/15/08,1192.7,1510.95,2179.91
9/16/08,1213.59,1806.3,2207.9
9/17/08,1156.39,1773.68,2098.85
9/18/08,1206.51,2026.92,2199.1
9/19/08,1255.08,2596.52,2273.9
9/22/08,1207.09,1044.05,2178.98
9/23/08,1188.22,944.61,2153.33
9/24/08,1185.87,907.8,2155.68
9/25/08,1209.18,1014.38,2186.57
9/26/08,1213.01,989.91,2183.34
9/29/08,1106.39,1730.89,1983.73
9/30/08,1166.36,1381.46,2091.88
10/1/08,1161.06,1173.26,2069.4
10/2/08,1114.28,1285.32,1976.72
10/3/08,1099.23,1172.17,1947.39
10/6/08,1056.89,1571.3,1862.96
10/7/08,996.23,1403.45,1754.88
10/8/08,984.94,1710.51,1740.33
10/9/08,909.92,1694.45,1645.12
10/10/08,899.22,2424.91,1649.51
10/13/08,1003.35,1497.85,1844.25
10/14/08,998.01,1524.95,1779.01
10/15/08,907.84,1376.82,1628.33
10/16/08,946.43,1634.67,1717.71
10/17/08,940.55,1446.18,1711.29
10/20/08,985.4,1009.48,1770.03
10/21/08,955.05,958.97,1696.68
10/22/08,896.78,1286.24,1615.75
10/23/08,908.11,1374.2,1603.91
10/24/08,876.77,1303.09,1552.03
10/27/08,848.92,1091.23,1505.9
10/28/08,940.51,1424.49,1649.47
10/29/08,930.09,1329.8,1657.21
10/30/08,954.09,1120.73,1698.52
10/31/08,968.75,1316.5,1720.95
11/3/08,966.3,842.68,1726.33
11/4/08,1005.75,1080.74,1780.12
11/5/08,952.77,1073.21,1681.64
11/6/08,904.88,1288.34,1608.7
11/7/08,930.99,1052.19,1647.4
11/10/08,919.21,934.26,1616.74
11/11/08,898.95,1007.23,1580.9
11/12/08,852.3,1195.31,1499.21
11/13/08,911.29,1640.06,1596.7
11/14/08,873.29,1193.18,1516.85
11/17/08,850.75,1079.79,1482.05
11/18/08,859.12,1347.74,1483.27
11/19/08,806.58,1356.31,1386.42
11/20/08,752.44,1862.28,1316.12
11/21/08,800.03,1945.88,1384.35
11/24/08,851.81,1664.42,1472.02
11/25/08,857.39,1538.37,1464.73
11/26/08,887.68,1146.78,1532.1
11/28/08,896.24,633.81,1535.57
12/1/08,816.21,1344.06,1398.07
12/2/08,848.81,1299.64,1449.8
12/3/08,870.74,1256.75,1492.38
12/4/08,845.22,1205.7,1445.56
12/5/08,876.07,1328.21,1509.31
12/8/08,909.7,1385.12,1571.74
12/9/08,888.67,1149.4,1547.34
12/10/08,899.24,1027.61,1565.48
12/11/08,873.59,1140.38,1507.88
12/12/08,879.73,1125.97,1540.72
12/15/08,868.57,969.15,1508.34
12/16/08,913.18,1202.15,1589.89
12/17/08,904.42,1059.46,1579.31
12/18/08,885.28,1138.78,1552.37
12/19/08,887.88,2117.39,1564.32
12/22/08,871.63,991.01,1532.35
12/23/08,863.16,794.09,1521.54
12/24/08,868.15,323.75,1524.9
12/26/08,872.8,412.95,1530.24
12/29/08,869.42,698.52,1510.32
12/30/08,890.64,752.87,1550.7
12/31/08,903.25,1103.59,1577.03
1/2/09,931.8,860.77,1632.21
1/5/09,927.45,1076.43,1628.03
1/6/09,934.7,1060.47,1652.38
1/7/09,906.65,1002.58,1599.06
1/8/09,909.73,987.97,1617.01
1/9/09,890.35,939.28,1571.59
1/12/09,870.26,1047.79,1538.79
1/13/09,871.79,1080.47,1546.46
1/14/09,842.62,1159.27,1489.64
1/15/09,843.74,1361.18,1511.84
1/16/09,850.12,1376.78,1529.33
1/20/09,805.22,1415.81,1440.86
1/21/09,840.24,1422.86,1507.07
1/22/09,827.5,1280.98,1465.49
1/23/09,831.95,1176.11,1477.29
1/26/09,836.57,1065.3,1489.46
1/27/09,845.71,979.15,1504.9
1/28/09,874.09,1256.9,1558.34
1/29/09,845.14,1170.8,1507.84
1/30/09,825.88,1258.5,1476.42
2/2/09,825.44,1121.29,1494.43
2/3/09,838.51,1141.25,1516.3
2/4/09,832.23,1155.12,1515.05
2/5/09,845.85,1364.79,1546.24
2/6/09,868.6,1339.2,1591.71
2/9/09,869.89,1042.49,1591.56
2/10/09,827.16,1461.48,1524.73
2/11/09,833.74,1106.73,1530.5
2/12/09,835.19,1219.23,1541.71
2/13/09,826.84,1008.85,1534.36
2/17/09,789.17,1306.63,1470.66
2/18/09,788.42,1181.45,1467.97
2/19/09,778.94,1229.28,1442.82
2/20/09,770.05,1758.33,1441.23
2/23/09,743.33,1332.02,1387.72
2/24/09,773.14,1523.25,1441.83
2/25/09,764.9,1533.99,1425.43
2/26/09,752.83,1227.25,1391.47
2/27/09,735.09,1901.91,1377.84
3/2/09,700.82,1625.9,1322.85
3/3/09,696.33,1570.44,1321.01
3/4/09,712.87,1502.44,1353.74
3/5/09,682.55,1574.99,1299.59
3/6/09,683.38,1454.77,1293.85
3/9/09,676.53,1302.24,1268.64
3/10/09,719.6,1812.97,1358.28
3/11/09,721.36,1459.4,1371.64
3/12/09,750.74,1505.86,1426.1
3/13/09,756.55,1369.91,1431.5
3/16/09,753.89,1623.99,1404.02
3/17/09,778.12,1239.82,1462.11
3/18/09,794.35,1745.91,1491.22
3/19/09,784.04,1651.07,1483.48
3/20/09,768.54,2155.24,1457.27
3/23/09,822.92,1561.58,1555.77
3/24/09,806.12,1328.59,1516.52
3/25/09,813.88,1457.58,1528.95
3/26/09,832.86,1501.98,1587
3/27/09,815.94,1180.32,1545.2
3/30/09,787.53,1248.42,1501.8
3/31/09,797.87,1350.2,1528.59
4/1/09,811.08,1251.76,1551.6
4/2/09,834.38,1531.25,1602.63
4/3/09,842.5,1165.32,1621.87
4/6/09,835.48,1056.57,1606.71
4/7/09,815.55,1014.05,1561.61
4/8/09,825.16,1053.06,1590.66
4/9/09,856.56,1505.44,1652.54
4/13/09,858.73,1238.7,1653.31
4/14/09,841.5,1442.96,1625.72
4/15/09,852.06,1205.54,1626.8
4/16/09,865.3,1253.54,1670.44
4/17/09,869.6,1661.41,1673.07
4/20/09,832.39,1453.41,1608.21
4/21/09,850.08,1380.05,1643.85
4/22/09,843.55,1467.89,1646.12
4/23/09,851.92,1297.67,1652.21
4/24/09,866.23,1421.28,1694.29
4/27/09,857.51,1132.15,1679.41
4/28/09,855.16,1034.1,1673.81
4/29/09,873.64,1194.07,1711.94
4/30/09,872.81,1435.3,1717.3
5/1/09,877.52,1069.8,1719.2
5/4/09,907.24,1396.19,1763.56
5/5/09,903.8,1265.43,1754.12
5/6/09,919.53,1580.52,1759.1
5/7/09,907.39,1652.36,1716.24
5/8/09,929.23,1589.02,1739
5/11/09,909.24,1257.59,1731.24
5/12/09,908.35,1358.33,1715.92
5/13/09,883.92,1474.94,1664.19
5/14/09,893.07,1290.73,1689.21
5/15/09,882.88,1261.09,1680.14
5/18/09,909.71,1159.98,1732.36
5/19/09,908.13,1119.08,1734.54
5/20/09,903.47,1402.54,1727.84
5/21/09,888.33,1228.43,1695.25
5/22/09,887,882.75,1692.01
5/26/09,910.33,1133.79,1750.43
5/27/09,893.06,1086.92,1731.08
5/28/09,906.83,1100.17,1751.79
5/29/09,919.14,1550.78,1774.33
6/1/09,942.87,1246.2,1828.68
6/2/09,944.74,1163.81,1836.8
6/3/09,931.76,1099.82,1825.92
6/4/09,942.46,1137.69,1850.02
6/5/09,940.09,1054.79,1849.42
6/8/09,939.14,902.82,1842.4
6/9/09,942.43,885.6,1860.13
6/10/09,939.15,988.66,1853.08
6/11/09,944.89,1020.75,1862.37
6/12/09,946.21,702.74,1858.8
6/15/09,923.72,930.82,1816.38
6/16/09,911.97,972.45,1796.18
6/17/09,910.71,1085.08,1808.06
6/18/09,918.37,908.43,1807.72
6/19/09,921.23,1873.4,1827.47
6/22/09,893.04,1168.75,1766.19
6/23/09,895.1,1019,1764.92
6/24/09,900.94,913.15,1792.34
6/25/09,920.26,1047.48,1829.54
6/26/09,918.9,2070.56,1838.22
6/29/09,927.23,915.89,1844.06
6/30/09,919.32,1154.06,1835.04
7/1/09,923.33,794.38,1845.72
7/2/09,896.42,614.79,1796.52
7/6/09,898.72,961.04,1787.4
7/7/09,881.03,913.38,1746.17
7/8/09,879.56,1209.49,1747.17
7/9/09,882.68,850.68,1752.55
7/10/09,879.13,767.7,1756.03
7/13/09,901.05,999.69,1793.21
7/14/09,905.84,821.75,1799.73
7/15/09,932.68,1141.12,1862.9
7/16/09,940.74,983.23,1885.03
7/17/09,940.38,1113.49,1886.61
7/20/09,951.13,934.06,1909.29
7/21/09,954.58,995.42,1916.2
7/22/09,954.07,891.96,1926.38
7/23/09,976.29,1156.08,1973.6
7/24/09,979.26,854.75,1965.96
7/27/09,982.18,855.21,1967.89
7/28/09,979.62,1031.04,1975.51
7/29/09,975.15,1074.32,1967.76
7/30/09,986.75,1134.5,1984.3
7/31/09,987.48,1331.22,1978.5
8/3/09,1002.63,1041.95,2008.61
8/4/09,1005.65,1040.33,2011.31
8/5/09,1002.72,1678.85,1993.05
8/6/09,997.08,1189.07,1973.16
8/7/09,1010.48,1259.74,2000.25
8/10/09,1007.1,931.99,1992.24
8/11/09,994.35,1018.01,1969.73
8/12/09,1005.81,1043.39,1998.72
8/13/09,1012.73,669.25,2009.35
8/14/09,1004.09,935.64,1985.52
8/17/09,979.73,1027.71,1930.84
8/18/09,989.67,848.64,1955.92
8/19/09,996.46,844.25,1969.24
8/20/09,1007.37,882.27,1989.22
8/21/09,1026.13,1290.46,2020.9
8/24/09,1025.57,1065.85,2017.98
8/25/09,1028,989.59,2024.23
8/26/09,1028.12,894.47,2024.43
8/27/09,1030.98,994.72,2027.73
8/28/09,1028.93,1030.59,2028.77
8/31/09,1020.62,1171.57,2009.06
9/1/09,998.04,1387.13,1968.89
9/2/09,994.75,1184.94,1967.07
9/3/09,1003.24,991.12,1983.2
9/4/09,1016.4,874.23,2018.78
9/8/09,1025.39,1141.41,2037.77
9/9/09,1033.37,1058.5,2060.39
9/10/09,1044.14,1315.4,2084.02
9/11/09,1042.73,1106.44,2080.9
9/14/09,1049.34,1056.16,2091.78
9/15/09,1052.63,1295.62,2102.64
9/16/09,1068.76,1355.87,2133.15
9/17/09,1065.49,1308.62,2126.75
9/18/09,1068.3,2033.93,2132.86
9/21/09,1064.66,1019.3,2138.04
9/22/09,1071.66,1063.53,2146.3
9/23/09,1060.87,1096.81,2131.42
9/24/09,1050.78,1137,2107.61
9/25/09,1044.38,1016.65,2090.92
9/28/09,1062.98,817.99,2130.74
9/29/09,1060.61,998.6,2124.04
9/30/09,1057.08,1523.73,2122.42
10/1/09,1029.85,1356.48,2057.48
10/2/09,1025.21,1176.87,2048.11
10/5/09,1040.46,940.34,2068.15
10/6/09,1054.72,1045.48,2103.57
10/7/09,1057.58,862.36,2110.33
10/8/09,1065.48,1078.55,2123.93
10/9/09,1071.49,837.94,2139.28
10/12/09,1076.19,809.32,2139.14
10/13/09,1073.19,976.02,2139.89
10/14/09,1092.02,1141.09,2172.23
10/15/09,1096.56,1162.1,2173.29
10/16/09,1087.68,1198.4,2156.8
10/19/09,1097.91,919.25,2176.32
10/20/09,1091.06,1047.13,2163.47
10/21/09,1081.4,1195.17,2150.73
10/22/09,1092.91,1124.4,2165.29
10/23/09,1079.6,1081.02,2154.47
10/26/09,1066.95,1184.89,2141.85
10/27/09,1063.41,1185.09,2116.09
10/28/09,1042.63,1391.09,2059.61
10/29/09,1066.11,1224.97,2097.55
10/30/09,1036.19,1388.82,2045.11
11/2/09,1042.88,1339.64,2049.2
11/3/09,1045.41,1171.82,2057.32
11/4/09,1046.5,1134.83,2055.52
11/5/09,1066.63,1118.22,2105.32
11/6/09,1069.3,930.95,2112.44
11/9/09,1093.08,1050.32,2154.06
11/10/09,1093.01,906.63,2151.08
11/11/09,1098.51,873.21,2166.9
11/12/09,1087.24,882.83,2149.02
11/13/09,1093.48,829.96,2167.88
11/16/09,1109.3,965.79,2197.85
11/17/09,1110.32,806.13,2203.78
11/18/09,1109.8,908.08,2193.14
11/19/09,1094.9,908.86,2156.82
11/20/09,1091.38,1001.72,2146.04
11/23/09,1106.24,830.11,2176.01
11/24/09,1105.65,811.91,2169.18
11/25/09,1110.63,667.81,2176.05
11/27/09,1091.49,538.98,2138.44
11/30/09,1095.63,1143.71,2144.6
12/1/09,1108.86,952.66,2175.81
12/2/09,1109.24,861.5,2185.03
12/3/09,1099.92,973.1,2173.14
12/4/09,1105.98,1293.3,2194.35
12/7/09,1103.25,889.72,2189.61
12/8/09,1091.94,996.64,2172.99
12/9/09,1095.95,907.23,2183.73
12/10/09,1102.35,915.26,2190.86
12/11/09,1106.41,856.56,2190.31
12/14/09,1114.11,919.53,2212.1
12/15/09,1107.93,1025.24,2201.05
12/16/09,1109.18,1005.48,2206.91
12/17/09,1096.08,1550.46,2180.05
12/18/09,1102.47,2901.51,2211.69
12/21/09,1114.05,860.26,2237.66
12/22/09,1118.02,815.76,2252.67
12/23/09,1120.59,651.08,2269.64
12/24/09,1126.48,263.54,2285.69
12/28/09,1127.78,598.59,2291.08
12/29/09,1126.2,523.5,2288.4
12/30/09,1126.42,531.94,2291.28
12/31/09,1115.1,571.61,2269.15
1/4/10,1132.99,857.31,2308.42
1/5/10,1136.52,1015.82,2308.71
1/6/10,1137.14,949.93,2301.09
1/7/10,1141.69,1032.73,2300.05
1/8/10,1144.98,848.85,2317.17
1/11/10,1146.98,820.01,2312.41
1/12/10,1136.22,933.08,2282.31
1/13/10,1145.68,806.65,2307.9
1/14/10,1148.46,735.69,2316.74
1/15/10,1136.03,1227.23,2287.99
1/19/10,1150.23,870.69,2320.4
1/20/10,1138.04,886.82,2291.25
1/21/10,1116.48,1284.42,2265.7
1/22/10,1091.76,1266.29,2205.29
1/25/10,1096.78,889.58,2210.8
1/26/10,1092.17,955.35,2203.73
1/27/10,1097.5,1094.56,2221.41
1/28/10,1084.53,942.6,2179
1/29/10,1073.87,1348.62,2147.35
2/1/10,1089.19,875.53,2171.2
2/2/10,1103.32,1002.31,2190.06
2/3/10,1097.28,900.46,2190.91
2/4/10,1063.11,1251.01,2125.43
2/5/10,1066.19,1300.55,2141.12
2/8/10,1056.74,906.46,2126.05
2/9/10,1070.52,1008.26,2150.87
2/10/10,1068.13,845.46,2147.87
2/11/10,1078.47,902.39,2177.41
2/12/10,1075.51,1255.99,2183.53
2/16/10,1094.87,922.68,2214.19
2/17/10,1099.51,876.92,2226.29
2/18/10,1106.75,804.78,2241.71
2/19/10,1109.17,970.43,2243.87
2/22/10,1108.01,796.39,2242.03
2/23/10,1094.6,905.9,2213.44
2/24/10,1105.24,852.73,2235.9
2/25/10,1102.94,973.11,2234.22
2/26/10,1104.49,1061.16,2238.26
3/1/10,1115.71,811.24,2273.57
3/2/10,1118.31,909.57,2280.79
3/3/10,1118.79,780.28,2280.68
3/4/10,1122.97,802.77,2292.31
3/5/10,1138.7,877.13,2326.35
3/8/10,1138.5,756.1,2332.21
3/9/10,1140.45,964.02,2340.68
3/10/10,1145.61,989.04,2358.95
3/11/10,1150.24,849.55,2368.46
3/12/10,1149.99,923.19,2367.66
3/15/10,1150.51,805.29,2362.21
3/16/10,1159.46,865.85,2378.01
3/17/10,1166.21,861.34,2389.09
3/18/10,1165.83,774.59,2391.28
3/19/10,1159.9,1754.37,2374.41
3/22/10,1165.81,807.35,2395.4
3/23/10,1174.17,829.07,2415.24
3/24/10,1167.72,861.21,2398.76
3/25/10,1165.73,978.86,2397.41
3/26/10,1166.59,850.81,2395.13
3/29/10,1173.22,801.83,2404.36
3/30/10,1173.27,756.43,2410.69
3/31/10,1169.43,971.23,2397.96
4/1/10,1178.1,756.69,2402.58
4/5/10,1187.44,766.4,2429.53
4/6/10,1189.44,769.45,2436.81
4/7/10,1182.45,963.92,2431.16
4/8/10,1186.44,878.99,2436.81
4/9/10,1194.37,806.61,2454.05
4/12/10,1196.48,825.31,2457.87
4/13/10,1197.3,892.27,2465.99
4/14/10,1210.65,976.42,2504.86
4/15/10,1211.67,998.49,2515.69
4/16/10,1192.13,1517.61,2481.26
4/19/10,1197.52,1081.5,2480.11
4/20/10,1207.17,978.41,2500.31
4/21/10,1205.94,1039.41,2504.61
4/22/10,1208.67,1082.28,2519.07
4/23/10,1217.28,1032.26,2530.15
4/26/10,1212.05,1050.95,2522.95
4/27/10,1183.71,1422.84,2471.47
4/28/10,1191.36,1228.27,2471.73
4/29/10,1206.78,1186.64,2511.92
4/30/10,1186.69,1347.65,2461.19
5/3/10,1202.26,980.18,2498.74
5/4/10,1173.6,1245.98,2424.25
5/5/10,1165.9,1231.69,2402.29
5/6/10,1128.15,2126.52,2319.64
5/7/10,1110.88,2019.09,2265.64
5/10/10,1159.73,1550.05,2374.67
5/11/10,1155.79,1214.47,2375.31
5/12/10,1171.67,1067.79,2425.02
5/13/10,1157.44,1003.56,2394.36
5/14/10,1135.68,1266.02,2346.85
5/17/10,1136.94,1212.59,2354.23
5/18/10,1120.8,1279.36,2317.26
5/19/10,1115.05,1348.64,2298.37
5/20/10,1071.59,1748.53,2204.01
5/21/10,1087.69,1940.94,2229.04
5/24/10,1073.65,1092.42,2213.55
5/25/10,1074.03,1553.73,2210.95
5/26/10,1067.95,1604.34,2195.88
5/27/10,1103.06,1151.6,2277.68
5/28/10,1089.41,1214.09,2257.04
6/1/10,1070.71,1182.39,2222.33
6/2/10,1098.38,1123.81,2281.07
6/3/10,1102.83,1020.02,2303.03
6/4/10,1064.88,1380.54,2219.17
6/7/10,1050.47,1213.77,2173.9
6/8/10,1062,1390.79,2170.57
6/9/10,1055.69,1447.74,2158.85
6/10/10,1086.84,1104.59,2218.71
6/11/10,1091.6,871.43,2243.6
6/14/10,1089.63,917.96,2243.96
6/15/10,1115.23,950.38,2305.88
6/16/10,1114.61,951.04,2305.93
6/17/10,1116.04,957.19,2307.16
6/18/10,1117.51,1541.46,2309.8
6/21/10,1113.2,883.15,2289.09
6/22/10,1095.31,920.74,2261.8
6/23/10,1092.04,937.77,2254.23
6/24/10,1073.69,1064.13,2217.42
6/25/10,1076.76,2275.17,2223.48
6/28/10,1074.57,777.5,2220.65
6/29/10,1041.24,1339.9,2135.18
6/30/10,1030.71,1185.25,2109.24
7/1/10,1027.37,1341.34,2101.36
7/2/10,1022.58,921.6,2091.79
7/6/10,1028.06,1090.63,2093.88
7/7/10,1060.27,1114.08,2159.47
7/8/10,1070.25,960.23,2175.4
7/9/10,1077.96,729.59,2196.45
7/12/10,1078.75,700.7,2198.36
7/13/10,1095.34,948.64,2242.03
7/14/10,1095.17,880.04,2249.84
7/15/10,1096.48,934.5,2249.08
7/16/10,1064.88,1291.34,2179.05
7/19/10,1071.25,799.22,2198.23
7/20/10,1083.48,930.09,2222.49
7/21/10,1069.59,991.88,2187.33
7/22/10,1093.67,968.57,2245.89
7/23/10,1102.66,950.45,2269.47
7/26/10,1115.01,849.19,2296.43
7/27/10,1113.84,932.5,2288.25
7/28/10,1106.13,833.37,2264.56
7/29/10,1101.53,986.7,2251.69
7/30/10,1101.6,975.4,2254.7
8/2/10,1125.86,855.25,2295.36
8/3/10,1120.46,832.23,2283.52
8/4/10,1127.24,810.83,2303.57
8/5/10,1125.81,733.86,2293.06
8/6/10,1121.64,789.63,2288.47
8/9/10,1127.79,673.29,2305.69
8/10/10,1121.06,814.28,2277.17
8/11/10,1089.47,962.68,2208.63
8/12/10,1083.61,836.35,2190.27
8/13/10,1079.25,726.84,2173.48
8/16/10,1079.38,654,2181.87
8/17/10,1092.54,823.27,2209.44
8/18/10,1094.16,775.21,2215.7
8/19/10,1075.63,897.11,2178.95
8/20/10,1071.69,983.7,2179.76
8/23/10,1067.36,730.81,2159.63
8/24/10,1051.87,995.62,2123.76
8/25/10,1055.33,926.69,2141.54
8/26/10,1047.22,880.71,2118.69
8/27/10,1064.59,910.56,2153.63
8/30/10,1048.92,692.19,2119.97
8/31/10,1049.33,1209.68,2114.03
9/1/10,1080.29,984.77,2176.84
9/2/10,1090.1,795.56,2200.01
9/3/10,1104.51,788.98,2233.75
9/7/10,1091.84,679.48,2208.89
9/8/10,1098.87,724.8,2228.87
9/9/10,1104.18,695.29,2236.2
9/10/10,1109.55,626.08,2242.48
9/13/10,1121.9,773.07,2285.71
9/14/10,1121.1,762.1,2289.77
9/15/10,1125.07,743.41,2301.32
9/16/10,1124.66,767.41,2303.25
9/17/10,1125.59,1650.39,2315.61
9/20/10,1142.71,794.41,2355.83
9/21/10,1139.78,847.62,2349.35
9/22/10,1134.28,770.49,2334.55
9/23/10,1124.83,748.07,2327.08
9/24/10,1148.67,833.27,2381.22
9/27/10,1142.16,749.3,2369.77
9/28/10,1147.7,835.12,2379.59
9/29/10,1144.73,819.79,2376.56
9/30/10,1141.2,1064.23,2368.62
10/1/10,1146.24,881.2,2370.75
10/4/10,1137.03,767.9,2344.52
10/5/10,1160.75,1010.95,2399.83
10/6/10,1159.97,800.26,2380.66
10/7/10,1158.06,736,2383.67
10/8/10,1165.15,786.55,2401.91
10/11/10,1165.32,684.48,2402.33
10/12/10,1169.77,770.82,2417.92
10/13/10,1178.1,1087.41,2441.23
10/14/10,1173.81,928.02,2435.38
10/15/10,1176.19,1208.12,2468.77
10/18/10,1184.71,839.77,2480.66
10/19/10,1165.9,1054.85,2436.95
10/20/10,1178.17,919.75,2457.39
10/21/10,1180.26,850.78,2459.67
10/22/10,1183.08,628.64,2479.39
10/25/10,1185.62,847.92,2490.85
10/26/10,1185.64,790.82,2497.29
10/27/10,1182.45,816.35,2503.26
10/28/10,1183.78,828.16,2507.37
10/29/10,1183.26,871.33,2507.41
11/1/10,1184.38,797.86,2504.84
11/2/10,1193.57,758.61,2533.52
11/3/10,1197.96,887,2540.27
11/4/10,1221.06,1143.48,2577.34
11/5/10,1225.85,1057.78,2578.98
11/8/10,1223.25,758.67,2580.05
11/9/10,1213.4,892.97,2562.98
11/10/10,1218.71,915.34,2578.78
11/11/10,1213.54,786.32,2555.52
11/12/10,1199.21,829.52,2518.21
11/15/10,1197.75,736.2,2513.82
11/16/10,1178.34,1094.65,2469.84
11/17/10,1178.59,772.54,2476.01
11/18/10,1196.69,1029.48,2514.4
11/19/10,1199.73,952.24,2518.12
11/22/10,1197.84,754.33,2532.02
11/23/10,1180.73,836.23,2494.95
11/24/10,1198.35,672.18,2543.12
11/26/10,1189.4,340.68,2534.56
11/29/10,1187.76,739.94,2525.22
11/30/10,1180.55,1237.86,2498.23
12/1/10,1206.07,907.91,2549.43
12/2/10,1221.53,929.16,2579.35
12/3/10,1224.71,750.83,2591.46
12/6/10,1223.12,655.32,2594.92
12/7/10,1223.75,1440.28,2598.49
12/8/10,1228.28,928.08,2609.16
12/9/10,1233,835.76,2616.67
12/10/10,1240.4,811.32,2637.54
12/13/10,1240.46,804.59,2624.91
12/14/10,1241.59,779.7,2627.72
12/15/10,1235.23,924.98,2617.22
12/16/10,1242.87,848.53,2637.31
12/17/10,1243.91,1755.73,2642.97
12/20/10,1247.08,679.49,2649.56
12/21/10,1254.6,658.11,2667.61
12/22/10,1258.84,646.07,2671.48
12/23/10,1256.77,497.65,2665.6
12/27/10,1257.54,374.65,2667.27
12/28/10,1258.51,455.44,2662.88
12/29/10,1259.78,401.35,2666.93
12/30/10,1257.88,396.89,2662.98
12/31/10,1257.64,491.9,2652.87
1/3/11,1271.87,900.29,2691.52
1/4/11,1270.2,890.95,2681.25
1/5/11,1276.56,859.1,2702.2
1/6/11,1273.85,910.1,2709.89
1/7/11,1271.5,906.23,2703.17
1/10/11,1269.75,782.54,2707.8
1/11/11,1274.48,770.71,2716.83
1/12/11,1285.96,772.19,2737.33
1/13/11,1283.76,743.89,2735.29
1/14/11,1293.24,883.39,2755.3
1/18/11,1295.02,1036.4,2765.85
1/19/11,1281.92,889.35,2725.36
1/20/11,1280.26,982.26,2704.29
1/21/11,1283.35,1066.54,2689.54
1/24/11,1290.84,786.07,2717.55
1/25/11,1291.18,869.33,2719.25
1/26/11,1296.63,926.64,2739.5
1/27/11,1299.54,773.45,2755.28
1/28/11,1276.34,1091.67,2686.89
1/31/11,1286.12,980.3,2700.08
2/1/11,1307.59,884.62,2751.19
2/2/11,1304.03,758.62,2749.56
2/3/11,1307.1,828.76,2753.88
2/4/11,1310.87,750.41,2769.3
2/7/11,1319.05,721.69,2783.99
2/8/11,1324.57,704.57,2797.05
2/9/11,1320.88,766.25,2789.07
2/10/11,1321.87,792.42,2790.45
2/11/11,1329.15,789.66,2809.44
2/14/11,1332.32,655.06,2817.18
2/15/11,1328.01,735.37,2804.35
2/16/11,1336.32,748.47,2825.56
2/17/11,1340.43,717.31,2831.58
2/18/11,1343.01,979.13,2833.95
2/22/11,1315.44,1074.49,2756.42
2/23/11,1307.4,1101.42,2722.99
2/24/11,1306.1,1005.91,2737.9
2/25/11,1319.88,778.3,2781.05
2/28/11,1327.22,1036.2,2782.27
3/1/11,1306.33,968.35,2737.41
3/2/11,1308.44,820.99,2748.07
3/3/11,1330.97,882.75,2798.74
3/4/11,1321.15,861.04,2784.67
3/7/11,1310.13,863.87,2745.63
3/8/11,1321.82,819.73,2765.77
3/9/11,1320.02,692.99,2751.72
3/10/11,1295.11,950.48,2701.02
3/11/11,1304.28,750.88,2715.61
3/14/11,1296.39,796.3,2700.97
3/15/11,1281.87,1043.28,2667.33
3/16/11,1256.88,1190.96,2616.82
3/17/11,1273.72,858.61,2636.05
3/18/11,1279.2,1668.02,2643.67
3/21/11,1298.38,837.44,2692.09
3/22/11,1293.77,659.29,2683.87
3/23/11,1297.54,706.16,2698.3
3/24/11,1309.66,701.52,2736.42
3/25/11,1313.8,677.56,2743.06
3/28/11,1310.19,628.46,2730.68
3/29/11,1319.44,631.04,2756.89
3/30/11,1328.26,743.93,2776.79
3/31/11,1325.83,871.14,2781.07
4/1/11,1332.41,737.53,2789.6
4/4/11,1332.87,623.07,2789.19
4/5/11,1332.63,672.1,2791.19
4/6/11,1335.54,731.77,2799.82
4/7/11,1333.51,747.41,2796.14
4/8/11,1328.17,663.57,2780.41
4/11/11,1324.46,662.95,2771.51
4/12/11,1314.16,776.63,2744.79
4/13/11,1314.41,718.24,2761.52
4/14/11,1314.52,761.83,2760.22
4/15/11,1319.68,887.45,2764.65
4/18/11,1305.14,864.11,2735.38
4/19/11,1312.62,706.89,2744.97
4/20/11,1330.36,790.16,2802.51
4/21/11,1337.38,686.68,2820.16
4/25/11,1335.25,571.69,2825.88
4/26/11,1347.24,754.12,2847.54
4/27/11,1355.66,778.58,2869.88
4/28/11,1360.48,777.74,2872.53
4/29/11,1363.61,804.24,2873.54
5/2/11,1361.22,791.93,2864.08
5/3/11,1356.62,822.05,2841.62
5/4/11,1347.32,873.6,2828.23
5/5/11,1335.1,903.27,2814.72
5/6/11,1340.2,829.91,2827.56
5/9/11,1346.29,629.35,2843.25
5/10/11,1357.16,675.56,2871.89
5/11/11,1342.08,784.2,2845.06
5/12/11,1348.65,754.69,2863.04
5/13/11,1337.77,723.66,2828.47
5/16/11,1329.47,734.19,2782.31
5/17/11,1328.98,777.35,2783.21
5/18/11,1340.68,721.8,2815
5/19/11,1343.6,711.06,2823.31
5/20/11,1333.27,823.28,2803.32
5/23/11,1317.37,697.57,2758.9
5/24/11,1316.28,713.43,2746.16
5/25/11,1320.47,804.83,2761.38
5/26/11,1325.69,708.6,2782.92
5/27/11,1331.1,555.66,2796.86
5/31/11,1345.2,1225.79,2835.3
6/1/11,1314.55,954.44,2769.19
6/2/11,1312.94,789.26,2773.31
6/3/11,1300.16,779.3,2732.78
6/6/11,1286.17,784.33,2702.56
6/7/11,1284.94,761.81,2701.56
6/8/11,1279.56,821.33,2675.38
6/9/11,1289,731.6,2684.87
6/10/11,1270.98,821.51,2643.73
6/13/11,1271.83,738.59,2639.69
6/14/11,1287.87,744.52,2678.72
6/15/11,1265.42,867.07,2631.46
6/16/11,1267.64,857.32,2623.7
6/17/11,1271.5,1357.88,2616.48
6/20/11,1278.36,636.01,2629.66
6/21/11,1295.52,687.63,2687.26
6/22/11,1287.14,694.68,2669.19
6/23/11,1283.5,914.89,2686.75
6/24/11,1268.45,1540.32,2652.89
6/27/11,1280.1,684.99,2688.28
6/28/11,1296.67,647.45,2729.31
6/29/11,1307.41,742.84,2740.49
6/30/11,1320.64,819.14,2773.52
7/1/11,1339.67,681.38,2816.03
7/5/11,1337.88,755.13,2825.77
7/6/11,1339.22,672.76,2834.02
7/7/11,1353.22,683.61,2872.66
7/8/11,1343.8,629.34,2859.81
7/11/11,1319.49,663.67,2802.62
7/12/11,1313.64,719.3,2781.91
7/13/11,1317.72,683.48,2796.92
7/14/11,1308.87,734.82,2762.67
7/15/11,1316.14,902.34,2789.8
7/18/11,1305.44,700.13,2765.11
7/19/11,1326.73,707.27,2826.52
7/20/11,1325.84,634.87,2814.23
7/21/11,1343.8,795.44,2834.43
7/22/11,1345.02,607.54,2858.83
7/25/11,1337.43,612.71,2842.8
7/26/11,1331.94,686.79,2839.96
7/27/11,1304.89,893.25,2764.79
7/28/11,1300.67,809.29,2766.25
7/29/11,1292.28,971.4,2756.38
8/1/11,1286.94,898.9,2744.61
8/2/11,1254.05,1023.8,2669.24
8/3/11,1260.34,1090.29,2693.07
8/4/11,1200.07,1480.46,2556.39
8/5/11,1199.38,1819.52,2532.41
8/8/11,1119.46,2058.4,2357.69
8/9/11,1172.53,1958.18,2482.52
8/10/11,1120.76,1751.75,2381.05
8/11/11,1172.64,1552.45,2492.68
8/12/11,1178.81,1028.87,2507.98
8/15/11,1204.49,896.05,2555.2
8/16/11,1192.76,919.42,2523.45
8/17/11,1193.89,795.8,2511.48
8/18/11,1140.65,1332.24,2380.43
8/19/11,1123.53,1278.3,2341.84
8/22/11,1123.82,993.68,2345.38
8/23/11,1162.35,1031.08,2446.06
8/24/11,1177.6,919.52,2467.69
8/25/11,1159.27,986.91,2419.63
8/26/11,1176.8,922.59,2479.85
8/29/11,1210.08,750.86,2562.11
8/30/11,1212.92,849.39,2576.11
8/31/11,1218.89,1039.54,2579.46
9/1/11,1204.42,794.58,2546.04
9/2/11,1173.97,777.19,2480.33
9/6/11,1165.24,913.79,2473.83
9/7/11,1198.62,784.45,2548.94
9/8/11,1185.9,778.08,2529.14
9/9/11,1154.23,1012.35,2467.99
9/12/11,1162.27,886.77,2495.09
9/13/11,1172.87,887.38,2532.15
9/14/11,1188.68,893.85,2572.55
9/15/11,1209.11,790.05,2607.07
9/16/11,1216.01,1559.14,2622.31
9/19/11,1204.09,733.55,2612.83
9/20/11,1202.09,756.23,2590.24
9/21/11,1166.76,987.89,2538.19
9/22/11,1129.56,1405.08,2455.67
9/23/11,1136.43,1008.93,2483.23
9/26/11,1162.95,946.59,2516.69
9/27/11,1175.38,958.66,2546.83
9/28/11,1151.06,845.97,2491.58
9/29/11,1160.4,909.46,2480.76
9/30/11,1131.42,1063.88,2415.4
10/3/11,1099.23,1143.6,2335.83
10/4/11,1123.95,1334.57,2404.82
10/5/11,1144.03,973.18,2460.51
10/6/11,1164.97,893.81,2506.82
10/7/11,1155.46,918.82,2479.35
10/10/11,1194.89,715.14,2566.05
10/11/11,1195.54,705.99,2583.03
10/12/11,1207.25,866.3,2604.73
10/13/11,1203.66,720.86,2620.24
10/14/11,1224.58,695.63,2667.85
10/17/11,1200.86,733.16,2614.92
10/18/11,1225.38,890.22,2657.43
10/19/11,1209.88,784.39,2604.04
10/20/11,1215.39,777.11,2598.62
10/21/11,1238.25,1022.93,2637.46
10/24/11,1254.19,752.08,2699.44
10/25/11,1229.05,812.24,2638.42
10/26/11,1242,923.06,2650.67
10/27/11,1284.59,1146.12,2738.63
10/28/11,1285.09,822.62,2737.15
10/31/11,1253.3,911.73,2684.41
11/1/11,1218.28,1067.48,2606.96
11/2/11,1237.9,794.5,2639.98
11/3/11,1261.15,869.57,2697.97
11/4/11,1253.23,696.71,2686.15
11/7/11,1261.12,638.52,2695.25
11/8/11,1275.92,716.73,2727.49
11/9/11,1229.1,903.76,2621.65
11/10/11,1239.69,729.07,2625.15
11/11/11,1263.85,616.83,2678.75
11/14/11,1251.78,577.48,2657.22
11/15/11,1257.81,648.75,2686.2
11/16/11,1236.91,766.32,2639.61
11/17/11,1216.13,847.56,2587.99
11/18/11,1215.65,795.13,2572.5
11/21/11,1192.98,759.37,2523.14
11/22/11,1188.04,723.75,2521.28
11/23/11,1161.79,719.4,2460.08
11/25/11,1158.67,349.07,2441.51
11/28/11,1192.55,795.01,2527.34
11/29/11,1195.19,777.31,2515.51
11/30/11,1246.96,1380.76,2620.34
12/1/11,1244.58,701.97,2626.2
12/2/11,1244.28,719.74,2626.93
12/5/11,1257.08,738.77,2655.76
12/6/11,1258.47,663.7,2649.56
12/7/11,1261.01,803.51,2649.21
12/8/11,1234.35,769.02,2596.38
12/9/11,1255.19,669.23,2646.85
12/12/11,1236.47,637.82,2612.26
12/13/11,1225.73,770.12,2579.27
12/14/11,1211.82,769.6,2539.31
12/15/11,1215.75,725.31,2541.01
12/16/11,1219.66,1539.21,2555.33
12/19/11,1205.35,630.56,2523.14
12/20/11,1241.3,765.27,2603.73
12/21/11,1243.72,686.8,2577.97
12/22/11,1254,637.68,2599.45
12/23/11,1265.33,386.76,2618.64
12/27/11,1265.43,396.89,2625.2
12/28/11,1249.64,428.36,2589.98
12/29/11,1263.02,414.39,2613.74
12/30/11,1257.6,478.88,2605.15
1/3/12,1277.06,699.31,2648.72
1/4/12,1277.3,618.08,2648.36
1/5/12,1281.06,691.58,2669.86
1/6/12,1277.81,587.94,2674.22
1/9/12,1280.7,597.18,2676.56
1/10/12,1292.08,692.85,2702.5
1/11/12,1292.48,616.58,2710.76
1/12/12,1295.5,620.25,2724.7
1/13/12,1289.09,682.91,2710.67
1/17/12,1293.67,655.99,2728.08
1/18/12,1308.04,649.01,2769.71
1/19/12,1314.5,640.59,2788.33
1/20/12,1315.38,774.43,2786.7
1/23/12,1316,585.24,2784.17
1/24/12,1314.65,603.18,2786.64
1/25/12,1326.05,685.27,2818.31
1/26/12,1318.43,709.76,2805.28
1/27/12,1316.33,694.37,2816.55
1/30/12,1313.01,595.67,2811.94
1/31/12,1312.41,818.35,2813.84
2/1/12,1324.09,709.37,2848.27
2/2/12,1325.54,637.71,2859.68
2/3/12,1344.9,729.59,2905.66
2/6/12,1344.33,561.22,2901.99
2/7/12,1347.05,592.87,2904.08
2/8/12,1349.96,612.69,2915.86
2/9/12,1351.95,601.4,2927.23
2/10/12,1342.64,588.66,2903.88
2/13/12,1351.77,549.14,2931.39
2/14/12,1350.5,596.43,2931.83
2/15/12,1343.23,644.28,2915.83
2/16/12,1358.04,642.31,2959.85
2/17/12,1361.23,756.45,2951.78
2/21/12,1362.21,661.7,2948.57
2/22/12,1357.66,577.73,2933.17
2/23/12,1363.46,622.71,2956.98
2/24/12,1365.74,512.58,2963.75
2/27/12,1367.59,596.88,2966.16
2/28/12,1372.18,616.6,2986.76
2/29/12,1365.68,906.95,2966.89
3/1/12,1374.09,659.52,2988.97
3/2/12,1369.63,554.26,2976.19
3/5/12,1364.33,572.04,2950.48
3/6/12,1343.36,702.98,2910.32
3/7/12,1352.63,665.06,2935.69
3/8/12,1365.91,578.06,2970.42
3/9/12,1370.87,572.64,2988.34
3/12/12,1371.09,512.31,2983.66
3/13/12,1395.95,734.22,3039.88
3/14/12,1394.28,695.35,3040.73
3/15/12,1402.6,693.44,3056.37
3/16/12,1404.17,1421.63,3055.26
3/19/12,1409.75,586.52,3078.32
3/20/12,1405.52,561.96,3074.15
3/21/12,1402.89,589.81,3075.32
3/22/12,1392.78,620.06,3063.32
3/23/12,1397.11,606.27,3067.92
3/26/12,1416.51,618.22,3122.57
3/27/12,1412.52,582.29,3120.35
3/28/12,1405.54,662,3104.96
3/29/12,1403.28,659.88,3095.36
3/30/12,1408.47,787.18,3091.57
4/2/12,1419.04,611.42,3119.7
4/3/12,1413.38,662.28,3113.57
4/4/12,1398.96,667.94,3068.09
4/5/12,1398.08,588,3080.5
4/9/12,1382.2,603.47,3047.08
4/10/12,1358.59,779.43,2991.22
4/11/12,1368.71,625.57,3016.46
4/12/12,1387.57,592.05,3055.55
4/13/12,1370.26,626.06,3011.33
4/16/12,1369.57,596.61,2988.4
4/17/12,1390.78,567.45,3042.82
4/18/12,1385.14,573.37,3031.45
4/19/12,1376.92,678.16,3007.56
4/20/12,1378.53,821.48,3000.45
4/23/12,1366.94,636.03,2970.45
4/24/12,1371.97,615.69,2961.6
4/25/12,1390.69,662.25,3029.63
4/26/12,1399.98,622.15,3050.61
4/27/12,1403.36,631.35,3069.2
4/30/12,1397.91,693.75,3046.36
5/1/12,1405.82,646.28,3050.44
5/2/12,1402.31,631.3,3059.85
5/3/12,1391.57,677.89,3024.3
5/4/12,1369.1,655.41,2956.34
5/7/12,1369.58,614.23,2957.76
5/8/12,1363.72,740.89,2946.27
5/9/12,1354.58,773.56,2934.71
5/10/12,1357.99,636.54,2933.64
5/11/12,1353.39,646.34,2933.82
5/14/12,1338.35,647.4,2902.58
5/15/12,1330.66,698.2,2893.76
5/16/12,1324.8,684.3,2874.04
5/17/12,1304.86,759.27,2813.69
5/18/12,1295.22,969.16,2778.79
5/21/12,1315.99,640.43,2847.21
5/22/12,1316.63,684.23,2839.08
5/23/12,1318.86,693.46,2850.12
5/24/12,1320.68,640.63,2839.38
5/25/12,1317.82,475.44,2837.53
5/29/12,1332.42,573.43,2870.99
5/30/12,1313.32,616.07,2837.36
5/31/12,1310.33,1091.22,2827.34
6/1/12,1278.04,817.58,2747.48
6/4/12,1278.18,676.15,2760.01
6/5/12,1285.5,574.63,2778.11
6/6/12,1315.13,701.16,2844.72
6/7/12,1314.99,712.55,2831.02
6/8/12,1325.66,563.4,2858.42
6/11/12,1308.93,604.34,2809.73
6/12/12,1324.18,596.44,2843.07
6/13/12,1314.88,578.97,2818.61
6/14/12,1329.1,633.54,2836.33
6/15/12,1342.84,1274.64,2872.8
6/18/12,1344.78,571.15,2895.33
6/19/12,1357.98,616.86,2929.76
6/20/12,1355.69,604.4,2930.45
6/21/12,1325.51,708.58,2859.09
6/22/12,1335.02,1328.71,2892.42
6/25/12,1313.72,618.9,2836.16
6/26/12,1319.99,572.66,2854.06
6/27/12,1331.85,542.9,2875.32
6/28/12,1329.04,748.81,2849.49
6/29/12,1362.16,906.78,2935.05
7/2/12,1365.51,598.95,2951.23
7/3/12,1374.02,370.66,2976.08
7/5/12,1367.58,551.02,2976.12
7/6/12,1354.68,485.01,2937.33
7/9/12,1352.46,536.58,2931.77
7/10/12,1341.47,579.18,2902.33
7/11/12,1341.45,620.25,2887.98
7/12/12,1334.76,622.25,2866.19
7/13/12,1356.78,551.99,2908.47
7/16/12,1353.64,485.75,2896.94
7/17/12,1363.67,552.91,2910.04
7/18/12,1372.78,587.34,2942.6
7/19/12,1376.51,616.47,2965.9
7/20/12,1362.66,838.91,2925.3
7/23/12,1350.52,599.68,2890.15
7/24/12,1338.31,653.29,2862.99
7/25/12,1337.89,650.75,2854.24
7/26/12,1360.02,721.23,2893.25
7/27/12,1385.97,745.8,2958.09
7/30/12,1385.3,534.16,2945.84
7/31/12,1379.32,699.89,2939.52
8/1/12,1375.14,810.16,2920.21
8/2/12,1365,673.34,2909.77
8/3/12,1390.99,610.21,2967.9
8/6/12,1394.23,524.29,2989.91
8/7/12,1401.35,576.55,3015.86
8/8/12,1402.22,515.49,3011.25
8/9/12,1402.8,461.72,3018.64
8/10/12,1405.87,457.24,3020.86
8/13/12,1404.11,389.1,3022.52
8/14/12,1403.93,447.04,3016.98
8/15/12,1405.53,398.26,3030.93
8/16/12,1415.51,474.11,3062.39
8/17/12,1418.16,557.38,3076.59
8/20/12,1418.13,442.09,3076.211
8/21/12,1413.17,515.62,3067.258
8/22/12,1413.49,485.16,3073.67
8/23/12,1402.08,467.66,3053.404
8/24/12,1411.13,412.84,3069.786
8/27/12,1410.44,409.11,3073.192
8/28/12,1409.3,408.74,3077.143
8/29/12,1410.49,410.09,3081.185
8/30/12,1399.48,408.21,3048.711
8/31/12,1406.58,584.07,3066.965
9/4/12,1404.94,518.63,3075.059
9/5/12,1403.44,532.16,3069.266
9/6/12,1432.12,584.39,3135.812
9/7/12,1437.92,547.59,3136.424
9/10/12,1429.08,495.25,3104.025
9/11/12,1433.56,537.64,3104.526
9/12/12,1436.56,517.07,3114.313
9/13/12,1459.99,637.83,3155.828
9/14/12,1465.77,723.97,3183.952
9/17/12,1461.19,535.38,3178.674
9/18/12,1459.32,510.13,3177.803
9/19/12,1461.05,506.15,3182.622
9/20/12,1460.26,525.22,3175.96
9/21/12,1460.15,1560.44,3179.963
9/24/12,1456.89,507.67,3160.782
9/25/12,1441.59,597.37,3117.727
9/26/12,1433.32,543.28,3093.702
9/27/12,1447.15,496.93,3136.601
9/28/12,1440.67,657.41,3116.228
10/1/12,1444.49,535.95,3113.533
10/2/12,1445.75,476.79,3120.042
10/3/12,1450.99,546.54,3135.229
10/4/12,1461.4,543.98,3149.458
10/5/12,1460.93,497.37,3136.186
10/8/12,1455.88,358.28,3112.353
10/9/12,1441.48,487.75,3065.022
10/10/12,1432.56,461.71,3051.783
10/11/12,1432.84,526.81,3049.415
10/12/12,1428.59,521.13,3044.115
10/15/12,1440.13,489.66,3064.182
10/16/12,1454.92,508.42,3101.174
10/17/12,1460.91,549.59,3104.124
10/18/12,1457.34,571.62,3072.867
10/19/12,1433.19,800.03,3005.623
10/22/12,1433.82,518.24,3016.957
10/23/12,1413.11,542.84,2990.463
10/24/12,1408.75,532.7,2981.695
10/25/12,1412.97,569.88,2986.118
10/26/12,1411.94,600.4,2987.951
10/31/12,1412.16,685.5,2977.234
11/1/12,1427.59,660.24,3020.061
11/2/12,1414.2,656.7,2982.132
11/5/12,1417.26,492.24,2999.663
11/6/12,1428.39,555.46,3011.933
11/7/12,1394.53,712.8,2937.288
11/8/12,1377.51,618.82,2895.585
11/9/12,1379.85,611.23,2904.874
11/12/12,1380.03,235.65,2904.255
11/13/12,1374.53,544.54,2883.889
11/14/12,1355.49,657.27,2846.808
11/15/12,1353.33,621.67,2836.936
11/16/12,1359.88,788.66,2853.131
11/19/12,1386.89,571.54,2916.07
11/20/12,1387.81,525.2,2916.684
11/21/12,1391.03,399.96,2926.554
11/23/12,1409.15,244.97,2966.854
11/26/12,1406.29,512.44,2976.783
11/27/12,1398.94,549.19,2967.792
11/28/12,1409.93,575.25,2991.779
11/29/12,1415.95,537.45,3012.027
11/30/12,1416.18,976.07,3010.241
12/3/12,1409.46,536.65,3002.198
12/4/12,1407.05,543.19,2996.685
12/5/12,1409.28,616.8,2973.697
12/6/12,1413.94,496.71,2989.266
12/7/12,1418.07,482.56,2978.041
12/10/12,1418.55,481.81,2986.961
12/11/12,1427.84,567.77,3022.302
12/12/12,1428.48,566.76,3013.814
12/13/12,1419.45,533.11,2992.162
12/14/12,1413.58,538.48,2971.335
12/17/12,1430.36,568.38,3010.604
12/18/12,1446.79,663.81,3054.53
12/19/12,1435.81,589.85,3044.365
12/20/12,1443.69,543,3050.389
12/21/12,1430.15,1609.62,3021.006
12/24/12,1426.66,233.28,3012.599
12/26/12,1419.83,380.28,2990.156
12/27/12,1418.1,454.28,2985.907
12/28/12,1402.43,426.24,2960.313
12/31/12,1426.19,603.98,3019.514
1/2/13,1462.42,700.67,3112.263
1/3/13,1459.37,571.53,3100.566
1/4/13,1466.47,524.65,3101.657
1/7/13,1461.89,498.85,3098.814
1/8/13,1457.15,559.61,3091.809
1/9/13,1461.02,519.06,3105.812
1/10/13,1472.12,563.16,3121.759
1/11/13,1472.05,498.39,3125.635
1/14/13,1470.68,471.31,3117.503
1/15/13,1472.34,475.11,3110.778
1/16/13,1472.63,483.01,3117.544
1/17/13,1480.94,576.55,3136.002
1/18/13,1485.98,813.18,3134.705
1/22/13,1492.56,563.56,3143.177
1/23/13,1494.81,507.13,3153.67
1/24/13,1494.82,533.19,3130.383
1/25/13,1502.96,555.66,3149.712
1/28/13,1500.18,529.94,3154.297
1/29/13,1507.84,583.89,3153.659
1/30/13,1501.96,567.44,3142.308
1/31/13,1498.11,738.78,3142.132
2/1/13,1513.17,612.05,3179.098
2/4/13,1495.71,555.23,3131.167
2/5/13,1511.29,553.02,3171.581
2/6/13,1512.12,546.03,3168.479
2/7/13,1509.39,523.71,3165.134
2/8/13,1517.93,457.31,3193.87
2/11/13,1517.01,398.65,3192.005
2/12/13,1519.43,501.34,3186.494
2/13/13,1520.33,526.24,3196.875
2/14/13,1521.38,526.67,3198.658
2/15/13,1519.79,792.08,3192.03
2/19/13,1530.94,590.57,3213.595
2/20/13,1511.95,657.68,3164.41
2/21/13,1502.42,647.67,3131.492
2/22/13,1515.6,544.95,3161.818
2/25/13,1487.85,651,3116.251
2/26/13,1496.94,614.51,3129.647
2/27/13,1515.99,525.08,3162.257
2/28/13,1514.68,777.19,3160.19
3/1/13,1518.2,596.8,3169.744
3/4/13,1525.2,544.87,3182.031
3/5/13,1539.79,536.54,3224.13
3/6/13,1541.46,527.63,3222.365
3/7/13,1544.26,550.77,3232.086
3/8/13,1551.18,550.44,3244.367
3/11/13,1556.22,471.5,3252.874
3/12/13,1552.48,480.17,3242.321
3/13/13,1554.52,443.3,3245.117
3/14/13,1563.23,528.84,3258.929
3/15/13,1560.7,1492.26,3249.067
3/18/13,1552.1,520.58,3237.59
3/19/13,1548.34,561.75,3229.095
3/20/13,1558.71,529.43,3254.188
3/21/13,1545.8,499.05,3222.597
3/22/13,1556.89,498.42,3244.999
3/25/13,1551.69,516.17,3235.299
3/26/13,1563.77,429.59,3252.483
3/27/13,1562.85,447.12,3256.522
3/28/13,1569.19,705.88,3267.521
4/1/13,1562.17,454.9,3239.173
4/2/13,1570.25,505.67,3254.862
4/3/13,1553.69,655.67,3218.604
4/4/13,1559.98,508.32,3224.983
4/5/13,1553.28,569.04,3203.859
4/8/13,1563.07,461.03,3222.252
4/9/13,1568.61,515.77,3237.858
4/10/13,1587.73,537.97,3297.253
4/11/13,1593.37,508.66,3300.156
4/12/13,1588.85,560.03,3294.945
4/15/13,1552.36,797.95,3216.49
4/16/13,1574.57,598.01,3264.629
4/17/13,1552.01,694.11,3204.673
4/18/13,1541.61,640.33,3166.362
4/19/13,1555.25,739.68,3206.056
4/22/13,1562.5,494.15,3233.554
4/23/13,1578.78,551.3,3269.333
4/24/13,1578.79,572.97,3269.652
4/25/13,1585.16,585.8,3289.986
4/26/13,1582.24,548.26,3279.263
4/29/13,1593.61,472.67,3307.02
4/30/13,1597.57,706.93,3328.79
5/1/13,1582.7,576.81,3299.128
5/2/13,1597.59,544.04,3340.621
5/3/13,1614.42,568.41,3378.633
5/6/13,1617.5,506.59,3392.969
5/7/13,1625.96,501.69,3396.626
5/8/13,1632.69,571.11,3413.267
5/9/13,1626.67,523.88,3409.172
5/10/13,1633.7,493.36,3436.584
5/13/13,1633.77,461.18,3438.791
5/14/13,1650.34,539.68,3462.609
5/15/13,1658.78,570.81,3471.616
5/16/13,1650.47,532.22,3465.243
5/17/13,1667.47,700.74,3498.965
5/20/13,1666.29,512.8,3496.432
5/21/13,1669.16,521.03,3502.124
5/22/13,1655.35,678.97,3463.299
5/23/13,1650.51,651.45,3459.417
5/24/13,1649.6,460.96,3459.144
5/28/13,1660.06,575.42,3488.888
5/29/13,1648.36,535.05,3467.515
5/30/13,1654.41,563.06,3491.297
5/31/13,1630.74,865.38,3455.913
6/3/13,1640.42,682.91,3465.368
6/4/13,1631.38,607.74,3445.259
6/5/13,1608.9,578.19,3401.477
6/6/13,1622.56,646.69,3424.052
6/7/13,1643.38,586,3469.215
6/10/13,1642.81,459.03,3473.766
6/11/13,1626.13,519.59,3436.949
6/12/13,1612.52,519.29,3400.43
6/13/13,1636.36,570.96,3445.365
6/14/13,1626.73,468.79,3423.555
6/17/13,1639.04,534.04,3452.131
6/18/13,1651.81,492.19,3482.182
6/19/13,1628.93,568.11,3443.201
6/20/13,1588.19,802.16,3364.635
6/21/13,1592.43,1611.66,3357.246
6/24/13,1573.09,733.59,3320.757
6/25/13,1588.03,625.24,3347.888
6/26/13,1603.26,593.43,3376.224
6/27/13,1613.2,560.8,3401.863
6/28/13,1606.28,1442.12,3403.247
7/1/13,1614.96,566.35,3434.49
7/2/13,1614.08,546.54,3433.396
7/3/13,1615.41,333.25,3443.67
7/5/13,1631.89,450.45,3479.38
7/8/13,1640.46,752.97,3484.831
7/9/13,1652.32,549.54,3504.263
7/10/13,1652.62,519.48,3520.759
7/11/13,1675.02,561.59,3578.304
7/12/13,1680.19,543.59,3600.08
7/15/13,1682.5,442.33,3607.492
7/16/13,1676.26,479.49,3598.5
7/17/13,1680.91,524.77,3610
7/18/13,1689.37,517.21,3611.277
7/19/13,1692.09,711.17,3587.615
7/22/13,1695.53,457.84,3600.389
7/23/13,1692.39,480.47,3579.274
7/24/13,1685.94,526.94,3579.6
7/25/13,1690.25,540.86,3605.188
7/26/13,1691.65,468.02,3613.165
7/29/13,1685.33,452.15,3599.14
7/30/13,1685.96,541.1,3616.467
7/31/13,1685.73,701.07,3626.371
8/1/13,1706.87,634.65,3675.744
8/2/13,1709.67,538.08,3689.588
8/5/13,1707.14,408.58,3692.951
8/6/13,1697.37,513.72,3665.77
8/7/13,1690.91,481.54,3654.009
8/8/13,1697.48,524.71,3669.124
8/9/13,1691.42,476.56,3660.108
8/12/13,1689.47,444.81,3669.951
8/13/13,1694.16,462.67,3684.443
8/14/13,1685.39,468.05,3669.273
8/15/13,1661.32,541.33,3606.117
8/16/13,1655.83,654.73,3602.778
8/19/13,1646.06,473.64,3589.086
8/20/13,1652.35,464.93,3613.59
8/21/13,1642.8,495.81,3599.79
8/22/13,1656.96,436.22,3638.707
8/23/13,1663.5,435.51,3657.792
8/26/13,1656.78,433.13,3657.571
8/27/13,1630.48,534.18,3578.524
8/28/13,1634.96,464.18,3593.35
8/29/13,1638.17,421.39,3620.303
8/30/13,1632.97,586.6,3589.868
9/3/13,1639.77,575.84,3612.612
9/4/13,1653.08,543.57,3649.042
9/5/13,1655.08,473.29,3658.785
9/6/13,1655.17,514.39,3660.01
9/9/13,1671.71,475.12,3706.183
9/10/13,1683.99,595.24,3729.022
9/11/13,1689.13,501.15,3725.01
9/12/13,1683.42,494.71,3715.968
9/13/13,1687.99,427.19,3722.184
9/16/13,1697.6,506.52,3717.846
9/17/13,1704.76,459.17,3745.699
9/18/13,1725.52,609.21,3783.641
9/19/13,1722.34,554.01,3789.384
9/20/13,1709.91,1678.24,3774.728
9/23/13,1701.84,550.49,3765.288
9/24/13,1697.42,533.28,3768.254
9/25/13,1692.77,498.56,3761.099
9/26/13,1698.67,466.53,3787.427
9/27/13,1691.75,504.06,3781.594
9/30/13,1681.55,694.01,3771.479
10/1/13,1695,551.43,3817.982
10/2/13,1693.87,535.76,3815.019
10/3/13,1678.66,552.57,3774.343
10/4/13,1690.5,470.75,3807.754
10/7/13,1676.12,459.81,3770.377
10/8/13,1655.45,580.5,3694.833
10/9/13,1656.4,579.63,3677.776
10/10/13,1692.56,579.58,3760.747
10/11/13,1703.2,496.49,3791.873
10/14/13,1710.14,447.02,3815.275
10/15/13,1698.06,536.41,3794.01
10/16/13,1721.54,557.52,3839.431
10/17/13,1733.15,588.37,3863.146
10/18/13,1744.5,710.23,3914.278
10/21/13,1744.66,528.23,3920.049
10/22/13,1754.67,590.43,3929.566
10/23/13,1746.38,555.13,3907.074
10/24/13,1752.07,559.26,3928.96
10/25/13,1759.77,535.95,3943.361
10/28/13,1762.11,575.46,3940.129
10/29/13,1771.95,521.18,3952.338
10/30/13,1763.31,529.54,3930.62
10/31/13,1756.54,712.19,3919.706
11/1/13,1761.64,645.83,3922.042
11/4/13,1767.93,525.39,3936.591
11/5/13,1762.97,579.43,3939.864
11/6/13,1770.49,551.78,3931.946
11/7/13,1747.15,712.26,3857.333
11/8/13,1770.61,637.16,3919.233
11/11/13,1771.89,427.69,3919.79
11/12/13,1767.69,517.79,3919.92
11/13/13,1782,543.2,3965.575
11/14/13,1790.62,495.4,3972.74
11/15/13,1798.18,650.4,3985.968
11/18/13,1791.53,512.55,3949.066
11/19/13,1787.87,488.64,3931.553
11/20/13,1781.37,482.15,3921.27
11/21/13,1795.85,520.91,3969.155
11/22/13,1804.76,467.33,3991.649
11/25/13,1802.48,499.02,3994.574
11/26/13,1802.75,611.68,4017.749
11/27/13,1807.23,407.74,4044.75
11/29/13,1805.81,375.44,4059.886
12/2/13,1800.9,521,4045.26
12/3/13,1795.15,603.6,4037.198
12/4/13,1792.81,590.12,4038.001
12/5/13,1785.03,556.08,4033.165
12/6/13,1805.09,533.85,4062.521
12/9/13,1808.37,519.63,4068.751
12/10/13,1802.62,498.45,4060.49
12/11/13,1782.22,570.46,4003.813
12/12/13,1775.5,589.71,3998.403
12/13/13,1775.32,497.16,4000.975
12/16/13,1786.54,542.3,4029.518
12/17/13,1781,514.98,4023.68
12/18/13,1810.65,688.52,4070.064
12/19/13,1809.6,551.87,4058.135
12/20/13,1818.32,1651.08,4104.741
12/23/13,1827.99,466.82,4148.903
12/24/13,1833.32,206.92,4155.417
12/26/13,1842.02,325.53,4167.18
12/27/13,1841.4,308.05,4156.594
12/30/13,1841.07,343.78,4154.199
12/31/13,1848.36,430.93,4176.59
1/2/14,1831.98,484.38,4143.069
1/3/14,1831.37,418.51,4131.906
1/6/14,1826.77,524.65,4113.681
1/7/14,1837.88,534.44,4153.182
1/8/14,1837.49,610.57,4165.611
1/9/14,1838.13,549.71,4156.194
1/10/14,1842.37,516.38,4174.665
1/13/14,1819.2,588.07,4113.305
1/14/14,1838.88,513.19,4183.016
1/15/14,1848.38,576.2,4214.884
1/16/14,1845.89,498.7,4218.688
1/17/14,1838.7,729.67,4197.582
1/21/14,1843.8,601.25,4225.76
1/22/14,1844.86,500.37,4243
1/23/14,1828.46,604.48,4218.875
1/24/14,1790.29,732.85,4128.173
1/27/14,1781.56,619.6,4083.609
1/28/14,1792.5,492.63,4097.962
1/29/14,1774.2,579.45,4051.434
1/30/14,1794.19,518.3,4123.125
1/31/14,1782.59,756.13,4103.878
2/3/14,1741.89,746.11,3996.958
2/4/14,1755.2,665.52,4031.52
2/5/14,1751.64,601.88,4011.552
2/6/14,1773.43,590.84,4057.122
2/7/14,1797.02,589.63,4125.861
2/10/14,1799.84,508.91,4148.174
2/11/14,1819.75,564.25,4191.045
2/12/14,1819.26,510.55,4201.288
2/13/14,1829.83,514.01,4240.672
2/14/14,1838.63,499.46,4244.025
2/18/14,1840.76,571.45,4272.783
2/19/14,1828.75,549.03,4237.954
2/20/14,1839.78,534.84,4267.545
2/21/14,1836.25,667.45,4263.411
2/24/14,1847.61,704.99,4292.968
2/25/14,1845.12,514.65,4287.587
2/26/14,1845.16,534.54,4292.064
2/27/14,1854.29,551.07,4318.933
2/28/14,1859.45,723.84,4308.119
3/3/14,1845.73,538.75,4277.301
3/4/14,1873.91,659.04,4351.972
3/5/14,1873.81,527.89,4357.974
3/6/14,1877.03,530.04,4352.125
3/7/14,1878.04,539.78,4336.223
3/10/14,1877.17,474.68,4334.448
3/11/14,1867.63,493.89,4307.188
3/12/14,1868.2,512.89,4323.332
3/13/14,1846.34,537.39,4260.42
3/14/14,1841.13,505.86,4245.396
3/17/14,1858.83,475.24,4279.949
3/18/14,1872.25,445.18,4333.313
3/19/14,1860.77,501.44,4307.602
3/20/14,1872.01,471.57,4319.286
3/21/14,1866.52,1651.65,4276.788
3/24/14,1857.44,581.9,4226.385
3/25/14,1865.62,492.85,4234.268
3/26/14,1852.56,591.62,4173.579
3/27/14,1849.04,597.59,4151.232
3/28/14,1857.62,489.57,4155.759
3/31/14,1872.34,667.77,4198.994
4/1/14,1885.52,545.11,4268.04
4/2/14,1890.9,501.11,4276.456
4/3/14,1888.77,516.12,4237.74
4/4/14,1865.09,611.72,4127.726
4/7/14,1845.04,664.48,4079.753
4/8/14,1851.96,559.16,4112.986
4/9/14,1872.18,542.02,4183.9
4/10/14,1833.08,640.27,4054.106
4/11/14,1815.69,643.14,3999.734
4/14/14,1830.61,551.52,4022.694
4/15/14,1842.98,604.12,4034.161
4/16/14,1862.31,527.78,4086.225
4/17/14,1864.85,649.31,4095.516
4/21/14,1871.89,485.56,4121.546
4/22/14,1879.55,532.87,4161.458
4/23/14,1875.39,508.55,4126.967
4/24/14,1878.61,518.02,4148.338
4/25/14,1863.4,543.82,4075.562
4/28/14,1869.43,650.72,4074.401
4/29/14,1878.33,527.34,4103.543
4/30/14,1883.95,709.44,4114.556
5/1/14,1883.68,556.76,4127.451
5/2/14,1881.14,506.36,4123.897
5/5/14,1884.66,469.45,4138.055
5/6/14,1867.72,549.8,4080.759
5/7/14,1878.21,569.02,4067.673
5/8/14,1875.63,531.96,4051.496
5/9/14,1878.48,496.04,4071.87
5/12/14,1896.65,495.63,4143.859
5/13/14,1897.45,455.87,4130.165
5/14/14,1888.53,470.47,4100.627
5/15/14,1870.85,569.62,4069.292
5/16/14,1877.86,612.39,4090.588
5/19/14,1885.08,445.64,4125.815
5/20/14,1872.83,496.91,4096.891
5/21/14,1888.03,441.99,4131.538
5/22/14,1892.49,427.12,4154.342
5/23/14,1900.53,424.76,4185.808
5/27/14,1911.91,499.86,4237.068
5/28/14,1909.78,454.86,4225.075
5/29/14,1920.03,419.63,4247.947
5/30/14,1923.57,659.71,4242.618
6/2/14,1924.97,414.85,4237.199
6/3/14,1924.24,498.79,4234.081
6/4/14,1927.88,449.54,4251.643
6/5/14,1940.46,476.11,4296.227
6/6/14,1949.44,477.71,4321.399
6/9/14,1951.27,442.7,4336.243
6/10/14,1950.79,421.13,4337.997
6/11/14,1943.89,404.23,4331.932
6/12/14,1930.11,495,4297.633
6/13/14,1936.16,452.2,4310.653
6/16/14,1937.78,474.3,4321.105
6/17/14,1941.99,461.01,4337.234
6/18/14,1956.98,464.95,4362.836
6/19/14,1959.48,509.17,4359.326
6/20/14,1962.87,1406.78,4368.037
6/23/14,1962.61,447.37,4368.676
6/24/14,1949.98,497.4,4350.355
6/25/14,1959.53,495.36,4379.757
6/26/14,1957.22,454.64,4379.046
6/27/14,1960.96,1231.35,4397.93
6/30/14,1960.23,623.73,4408.178
7/1/14,1973.32,535.58,4458.651
7/2/14,1974.62,448.63,4457.734
7/3/14,1985.44,422.07,4485.925
7/7/14,1977.65,457.68,4451.53
7/8/14,1963.71,531.51,4391.463
7/9/14,1972.83,434.62,4419.034
7/10/14,1964.68,485.96,4396.204
7/11/14,1967.57,418.97,4415.49
7/14/14,1977.1,445.24,4440.419
7/15/14,1973.28,575.72,4416.387
7/16/14,1981.57,521.78,4425.968
7/17/14,1958.12,544.29,4363.447
7/18/14,1978.22,575.75,4432.146
7/21/14,1973.63,414.99,4424.704
7/22/14,1983.53,452.38,4456.016
7/23/14,1987.01,453.31,4473.697
7/24/14,1987.98,474.86,4472.107
7/25/14,1978.34,439.7,4449.563
7/28/14,1978.91,460.72,4444.909
7/29/14,1969.95,495.51,4442.698
7/30/14,1970.07,522.58,4462.902
7/31/14,1930.67,723.76,4369.773
8/1/14,1925.15,613.97,4352.639
8/4/14,1938.99,535.82,4383.889
8/5/14,1920.21,539.95,4352.835
8/6/14,1920.24,544.93,4355.051
8/7/14,1909.57,517.99,4334.967
8/8/14,1931.59,497.93,4370.898
8/11/14,1936.92,456.67,4401.331
8/12/14,1933.75,420.42,4389.251
8/13/14,1946.72,404.06,4434.125
8/14/14,1955.18,390.76,4453.002
8/15/14,1955.06,593.27,4464.927
8/18/14,1971.74,475.09,4508.313
8/19/14,1981.6,427.84,4527.514
8/20/14,1986.51,416,4526.482
8/21/14,1992.37,440.54,4532.104
8/22/14,1988.4,407.88,4538.551
8/25/14,1997.92,372.5,4557.348
8/26/14,2000.02,379.3,4570.637
8/27/14,2000.12,371.05,4569.621
8/28/14,1996.74,362.87,4557.695
8/29/14,2003.37,463.22,4580.271
9/2/14,2002.28,444.89,4598.188
9/3/14,2000.72,454.78,4572.565
9/4/14,1997.65,464.66,4562.287
9/5/14,2007.71,460.73,4582.9
9/8/14,2001.54,433.6,4592.285
9/9/14,1988.44,468.3,4552.285
9/10/14,1995.69,461.52,4586.522
9/11/14,1997.45,463.27,4591.806
9/12/14,1985.54,516.43,4567.599
9/15/14,1984.13,447.88,4518.902
9/16/14,1998.98,474.45,4552.759
9/17/14,2001.57,507.91,4562.188
9/18/14,2011.36,523.06,4593.425
9/19/14,2010.4,1413.07,4579.789
9/22/14,1994.29,523.02,4527.689
9/23/14,1982.77,541.96,4508.688
9/24/14,1998.3,577.79,4555.221
9/25/14,1965.99,558.03,4466.748
9/26/14,1982.85,470.46,4512.194
9/29/14,1977.8,479.6,4505.853
9/30/14,1972.29,715.6,4493.39
10/1/14,1946.16,657.78,4422.085
10/2/14,1946.17,599.5,4430.195
10/3/14,1967.9,639.91,4475.624
10/6/14,1964.82,499.7,4454.802
10/7/14,1935.1,591.64,4385.203
10/8/14,1968.89,703.09,4468.594
10/9/14,1928.21,684.33,4378.336
10/10/14,1906.13,742.13,4276.237
10/13/14,1874.74,710.87,4213.656
10/14/14,1877.7,755.85,4227.171
10/15/14,1862.49,944.86,4215.317
10/16/14,1862.76,833.03,4217.39
10/17/14,1886.76,837.62,4258.438
10/20/14,1904.01,568.89,4316.074
10/21/14,1941.28,614.27,4419.479
10/22/14,1927.11,624.34,4382.847
10/23/14,1950.82,611.4,4452.792
10/24/14,1964.58,523.74,4483.715
10/27/14,1961.63,529.19,4485.933
10/28/14,1985.05,609.88,4564.294
10/29/14,1982.3,608.94,4549.226
10/30/14,1994.65,578.09,4566.138
10/31/14,2018.05,788.09,4630.742
11/3/14,2017.81,598.99,4638.907
11/4/14,2012.1,642.3,4623.637
11/5/14,2023.57,606.36,4620.723
11/6/14,2031.21,576.35,4638.469
11/7/14,2031.92,592.26,4632.532
11/10/14,2038.26,542.46,4651.616
11/11/14,2039.68,456.89,4660.556
11/12/14,2038.25,554.42,4675.135
11/13/14,2039.33,536.98,4680.141
11/14/14,2039.82,531.36,4688.539
11/17/14,2041.32,525.89,4671.002
11/18/14,2051.8,527.76,4702.443
11/19/14,2048.72,518.23,4675.712
11/20/14,2052.75,495.02,4701.868
11/21/14,2063.5,712.22,4712.97
11/24/14,2069.41,530.07,4754.892
11/25/14,2067.03,625.63,4758.251
11/26/14,2072.83,556.14,4787.317
11/28/14,2067.56,500.13,4791.63
12/1/14,2053.44,684.41,4727.347
12/2/14,2066.55,616.31,4755.811
12/3/14,2074.33,614.43,4774.472
12/4/14,2071.92,612.37,4769.436
12/5/14,2075.37,597.13,4780.755
12/8/14,2060.31,631.89,4740.691
12/9/14,2059.82,637.66,4766.465
12/10/14,2026.14,718.63,4684.025
12/11/14,2035.33,627.07,4708.161
12/12/14,2002.33,759.59,4653.596
12/15/14,1989.63,754.37,4605.156
12/16/14,1972.74,782.36,4547.834
12/17/14,2012.89,783.87,4644.312
12/18/14,2061.23,745.92,4748.396
12/19/14,2070.65,2031.37,4765.38
12/22/14,2078.54,614.39,4781.424
12/23/14,2082.17,535.7,4765.424
12/24/14,2081.88,268.06,4773.472
12/26/14,2088.77,341.76,4806.859
12/29/14,2090.57,409.21,4806.91
12/30/14,2080.35,388.01,4777.439
12/31/14,2058.9,500.42,4736.054
1/2/15,2058.2,485.06,4726.812
1/5/15,2020.58,657.92,4652.574
1/6/15,2002.61,744.49,4592.736
1/7/15,2025.9,596.93,4650.467
1/8/15,2062.14,663.96,4736.188
1/9/15,2044.81,566.23,4704.066
1/12/15,2028.26,601.48,4664.707
1/13/15,2023.03,691.29,4661.497
1/14/15,2011.27,722.68,4639.322
1/15/15,1992.67,669.64,4570.824
1/16/15,2019.42,748.23,4634.384
1/20/15,2022.55,670.22,4654.846
1/21/15,2032.12,599.92,4667.421
1/22/15,2063.15,704.56,4750.397
1/23/15,2051.82,616.61,4757.879
1/26/15,2057.09,623.24,4771.763
1/27/15,2029.55,557.5,4681.497
1/28/15,2002.16,660.15,4637.994
1/29/15,2021.25,665.79,4683.407
1/30/15,1994.99,945.45,4635.24
2/2/15,2020.85,691.36,4676.689
2/3/15,2050.03,756.02,4727.738
2/4/15,2041.51,681.87,4716.703
2/5/15,2062.52,612.38,4765.098
2/6/15,2055.47,693.31,4744.398
2/9/15,2046.74,597.07,4726.012
2/10/15,2068.59,604.72,4787.645
2/11/15,2068.53,587.37,4801.181
2/12/15,2088.48,617.96,4857.612
2/13/15,2096.99,579.82,4893.836
2/17/15,2100.34,615.9,4899.267
2/18/15,2099.68,561.99,4906.364
2/19/15,2097.45,540.3,4924.7
2/20/15,2110.3,646.42,4955.966
2/23/15,2109.66,557.37,4960.972
2/24/15,2115.48,534.13,4968.122
2/25/15,2113.86,538.9,4967.137
2/26/15,2110.74,561.6,4987.89
2/27/15,2104.5,670.5,4963.527
3/2/15,2117.39,594.37,5008.096
3/3/15,2107.78,568.67,4979.901
3/4/15,2098.53,553.71,4967.142
3/5/15,2101.04,533.98,4982.81
3/6/15,2071.26,703.04,4927.37
3/9/15,2079.43,560.62,4942.438
3/10/15,2044.16,646.41,4859.795
3/11/15,2040.24,603.42,4849.941
3/12/15,2065.95,577.98,4893.291
3/13/15,2053.4,614.29,4871.758
3/16/15,2081.19,598.03,4929.508
3/17/15,2074.28,557.64,4937.435
3/18/15,2099.5,673.73,4982.828
3/19/15,2089.27,565.29,4992.379
3/20/15,2108.1,1861.52,5026.418
3/23/15,2104.42,564.59,5010.974
3/24/15,2091.5,579.33,4994.728
3/25/15,2061.05,608.3,4876.52
3/26/15,2056.15,637.97,4863.362
3/27/15,2061.02,572.29,4891.219
3/30/15,2086.24,521.89,4947.441
3/31/15,2067.89,750.8,4900.885
4/1/15,2059.69,618.51,4880.228
4/2/15,2066.96,548.51,4886.937
4/6/15,2080.62,710.45,4917.317
4/7/15,2076.33,501.73,4910.234
4/8/15,2081.9,577.99,4950.821
4/9/15,2091.18,517.95,4974.565
4/10/15,2102.06,508.8,4995.978
4/13/15,2092.43,499.56,4988.249
4/14/15,2095.84,509.63,4977.287
4/15/15,2106.63,658.94,5011.019
4/16/15,2104.99,571.68,5007.791
4/17/15,2081.18,662.26,4931.814
4/20/15,2100.4,523.46,4994.602
4/21/15,2097.29,533.32,5014.102
4/22/15,2107.96,568.64,5035.171
4/23/15,2112.93,583.06,5056.063
4/24/15,2117.69,556.23,5092.085
4/27/15,2108.92,608.32,5060.246
4/28/15,2114.76,595.16,5055.422
4/29/15,2106.85,641.39,5023.644
4/30/15,2085.51,825.94,4941.424
5/1/15,2108.29,582.41,5005.391
5/4/15,2114.49,531.46,5016.929
5/5/15,2089.46,596.21,4939.327
5/6/15,2080.15,613.85,4919.645
5/7/15,2088,600.84,4945.544
5/8/15,2116.1,591.88,5003.549
5/11/15,2105.33,533.72,4993.573
5/12/15,2099.12,538.69,4976.189
5/13/15,2098.48,549.83,4981.691
5/14/15,2121.1,548.28,5050.795
5/15/15,2122.73,648.56,5048.292
5/18/15,2129.2,495.27,5078.439
5/19/15,2127.83,564.45,5070.034
5/20/15,2125.85,527.49,5071.743
5/21/15,2130.82,526.71,5090.794
5/22/15,2126.06,468.82,5089.362
5/26/15,2104.2,615.32,5032.751
5/27/15,2123.48,554.4,5106.593
5/28/15,2120.79,531,5097.976
5/29/15,2107.39,859.8,5070.026
6/1/15,2111.73,516.26,5082.929
6/2/15,2109.6,535.86,5076.524
6/3/15,2114.07,515.47,5099.231
6/4/15,2095.84,572.65,5059.125
6/5/15,2092.83,596.11,5068.458
6/8/15,2079.28,536.23,5021.627
6/9/15,2080.15,553.67,5013.865
6/10/15,2105.2,587.27,5076.689
6/11/15,2108.86,608.62,5082.509
6/12/15,2094.11,512.95,5051.102
6/15/15,2084.43,558.07,5029.973
6/16/15,2096.29,487.87,5055.553
6/17/15,2100.44,534.33,5064.881
6/18/15,2121.24,649.63,5132.949
6/19/15,2109.99,1527.81,5117.001
6/22/15,2122.85,536.32,5153.972
6/23/15,2124.2,529.16,5160.095
6/24/15,2108.58,581.94,5122.414
6/25/15,2102.31,600.77,5112.19
6/26/15,2101.49,1568.64,5080.505
6/29/15,2057.64,667.6,4958.468
6/30/15,2063.11,907.89,4986.867
7/1/15,2077.42,670.65,5013.124
7/2/15,2076.78,561,5009.214
7/6/15,2068.76,739.2,4991.94
7/7/15,2081.34,741.59,4997.459
7/8/15,2046.68,348.3,4909.761
7/9/15,2051.31,635.72,4922.397
7/10/15,2076.62,561.77,4997.696
7/13/15,2099.6,578.38,5071.512
7/14/15,2108.95,548.46,5104.891
7/15/15,2107.4,600.68,5098.941
7/16/15,2124.29,585.81,5163.184
7/17/15,2126.64,691.61,5210.143
7/20/15,2128.28,587.45,5218.859
7/21/15,2119.21,624.75,5208.12
7/22/15,2114.15,679.74,5171.77
7/23/15,2102.15,669.66,5146.409
7/24/15,2079.65,708.59,5088.629
7/27/15,2067.64,723.49,5039.776
7/28/15,2093.25,729.07,5089.207
7/29/15,2108.57,700.71,5111.733
7/30/15,2108.63,616.44,5128.785
7/31/15,2103.84,770.3,5128.281
8/3/15,2098.04,666.36,5115.382
8/4/15,2093.32,647.61,5105.546
8/5/15,2099.84,712.11,5139.945
8/6/15,2083.56,742.47,5056.44
8/7/15,2077.57,653.57,5043.544
8/10/15,2104.18,677.67,5101.799
8/11/15,2084.07,665.4,5036.79
8/12/15,2086.05,728.82,5044.387
8/13/15,2083.39,597.68,5033.558
8/14/15,2091.54,528.97,5048.235
8/17/15,2102.44,536.28,5091.699
8/18/15,2096.92,525.38,5059.347
8/19/15,2079.61,653.4,5019.051
8/20/15,2035.73,732.58,4877.487
8/21/15,1970.89,1086.98,4706.039
8/24/15,1893.21,1303.56,4526.249
8/25/15,1867.61,1026.67,4506.488
8/26/15,1940.51,1047.75,4697.537
8/27/15,1987.66,1005.27,4812.708
8/28/15,1988.87,826.98,4828.325
8/31/15,1972.18,865.46,4776.508
9/1/15,1913.85,933,4636.105
9/2/15,1948.86,845.06,4749.979
9/3/15,1951.13,701.89,4733.497
9/4/15,1921.22,688.11,4683.918
9/8/15,1969.41,744.76,4811.93
9/9/15,1942.04,737.67,4756.528
9/10/15,1952.29,733.68,4796.251
9/11/15,1961.05,662.44,4822.341
9/14/15,1953.03,616.65,4805.763
9/15/15,1978.09,605.16,4860.52
9/16/15,1995.31,696.47,4889.239
9/17/15,1990.2,793.17,4893.949
9/18/15,1958.03,2109.68,4827.228
9/21/15,1966.97,656.27,4828.955
9/22/15,1942.74,770.77,4756.723
9/23/15,1938.76,599.63,4752.744
9/24/15,1932.24,807.86,4734.479
9/25/15,1931.34,775.94,4686.496
9/28/15,1881.77,834.44,4543.969
9/29/15,1884.09,793.59,4517.321
9/30/15,1920.03,962.27,4620.165
10/1/15,1923.82,786.39,4627.084
10/2/15,1951.36,847.41,4707.775
10/5/15,1987.05,878.99,4781.264
10/6/15,1979.92,815.02,4748.36
10/7/15,1995.83,929.7,4791.152
10/8/15,2013.43,717.27,4810.788
10/9/15,2014.89,724.02,4830.47
10/12/15,2017.46,556.33,4838.643
10/13/15,2003.69,654.53,4796.609
10/14/15,1994.24,694.11,4782.848
10/15/15,2023.86,762.46,4870.1
10/16/15,2033.11,762.24,4886.688
10/19/15,2033.66,666.38,4905.471
10/20/15,2030.77,630.67,4880.972
10/21/15,2018.94,691.95,4840.117
10/22/15,2052.51,848.08,4920.05
10/23/15,2075.15,803.56,5031.864
10/26/15,2071.18,674.84,5034.704
10/27/15,2065.89,792.01,5030.145
10/28/15,2090.35,803.78,5095.69
10/29/15,2089.41,688.37,5074.274
10/30/15,2079.36,923.43,5053.749
11/2/15,2104.05,700.21,5127.145
11/3/15,2109.79,724.34,5145.126
11/4/15,2102.31,733.57,5142.479
11/5/15,2099.93,699.97,5127.738
11/6/15,2099.2,763.06,5147.121
11/9/15,2078.58,766.76,5095.302
11/10/15,2081.72,659.58,5083.244
11/11/15,2075,630.11,5067.02
11/12/15,2045.97,693.39,5005.079
11/13/15,2023.04,734.21,4927.883
11/16/15,2053.19,670.51,4984.617
11/17/15,2050.44,818.41,4986.015
11/18/15,2083.58,715.44,5075.203
11/19/15,2081.24,638.24,5073.639
11/20/15,2089.17,763.58,5104.918
11/23/15,2086.59,673.51,5102.478
11/24/15,2089.14,727.26,5102.808
11/25/15,2088.87,521.6,5116.143
11/27/15,2090.11,288.56,5127.524
11/30/15,2080.41,938.36,5108.666
12/1/15,2102.63,672.15,5156.307
12/2/15,2079.51,686.08,5123.222
12/3/15,2049.62,801.28,5037.527
12/4/15,2091.69,805.98,5142.271
12/7/15,2077.07,752.54,5101.812
12/8/15,2063.59,753.07,5098.243
12/9/15,2047.62,795.63,5022.865
12/10/15,2052.23,680.78,5045.172
12/11/15,2012.37,780.09,4933.465
12/14/15,2021.94,850.82,4952.229
12/15/15,2043.41,771.62,4995.357
12/16/15,2073.07,784.53,5071.132
12/17/15,2041.89,755.74,5002.553
12/18/15,2005.55,2121.81,4923.082
12/21/15,2021.15,719.95,4968.922
12/22/15,2038.97,659.91,5001.11
12/23/15,2064.29,654.98,5045.932
12/24/15,2060.99,308.99,5048.492
12/28/15,2056.5,471.54,5040.985
12/29/15,2078.36,447.3,5107.938
12/30/15,2063.36,425.29,5065.846
12/31/15,2043.94,598.29,5007.412
1/4/16,2012.66,901.46,4903.089
1/5/16,2016.71,693.35,4891.43
1/6/16,1990.26,854.88,4835.765
1/7/16,1943.09,940.32,4689.426
1/8/16,1922.03,899.07,4643.631
1/11/16,1923.67,853.3,4637.989
1/12/16,1938.68,897.47,4685.919
1/13/16,1890.28,964.14,4526.064
1/14/16,1921.84,1004.56,4615.003
1/15/16,1880.33,1198.75,4488.417
1/19/16,1881.33,969.83,4476.95
1/20/16,1859.33,1167.29,4471.686
1/21/16,1868.99,958.37,4472.056
1/22/16,1906.9,952.77,4591.18
1/25/16,1877.08,844.03,4518.491
1/26/16,1903.63,806.9,4567.673
1/27/16,1882.95,895.45,4468.167
1/28/16,1893.36,873.58,4506.676
1/29/16,1940.24,1332.24,4613.953
2/1/16,1939.38,806.98,4620.367
2/2/16,1903.03,837.78,4516.946
2/3/16,1912.53,957.43,4504.238
2/4/16,1915.45,961.73,4509.559
2/5/16,1880.05,940.39,4363.144
2/8/16,1853.44,1093.7,4283.753
2/9/16,1852.21,927.39,4268.763
2/10/16,1851.86,863.8,4283.592
2/11/16,1829.08,1089.3,4266.837
2/12/16,1864.78,941.73,4337.512
2/16/16,1895.58,940.95,4435.956
2/17/16,1926.82,962.03,4534.064
2/18/16,1917.83,868.79,4487.537
2/19/16,1917.78,934.95,4504.429
2/22/16,1945.5,793.37,4570.607
2/23/16,1921.27,760.85,4503.583
2/24/16,1929.8,825.51,4542.606
2/25/16,1951.7,742.37,4582.205
2/26/16,1948.05,846.59,4590.473
2/29/16,1932.23,1029.05,4557.95
3/1/16,1978.35,908.2,4689.595
3/2/16,1986.45,859.29,4703.422
3/3/16,1993.4,907.36,4707.422
3/4/16,1999.99,1051.71,4717.021
3/7/16,2001.76,891.93,4708.254
3/8/16,1979.26,871.11,4648.825
3/9/16,1989.26,759.24,4674.378
3/10/16,1989.57,804.35,4662.156
3/11/16,2022.19,776.65,4748.466
3/14/16,2019.64,670.25,4750.28
3/15/16,2015.93,649.7,4728.668
3/16/16,2027.22,740.08,4763.97
3/17/16,2040.59,804.88,4774.985
3/18/16,2049.58,2106.88,4795.647
3/21/16,2051.6,642.3,4808.872
3/22/16,2049.8,656.04,4821.659
3/23/16,2036.71,674.65,4768.861
3/24/16,2035.94,705.46,4773.505
3/28/16,2037.05,557.11,4766.787
3/29/16,2055.01,754.55,4846.623
3/30/16,2063.95,633.55,4869.294
3/31/16,2059.74,781.06,4869.848
4/1/16,2072.78,795.74,4914.542
4/4/16,2066.13,651.34,4891.795
4/5/16,2045.17,888.87,4843.933
4/6/16,2066.66,692.37,4920.715
4/7/16,2041.91,762.03,4848.366
4/8/16,2047.6,653.96,4850.689
4/11/16,2041.99,706.16,4833.399
4/12/16,2061.72,745.02,4872.091
4/13/16,2082.42,783.45,4947.42
4/14/16,2082.78,693.69,4945.886
4/15/16,2080.73,821.94,4938.216
4/18/16,2094.34,656.57,4960.017
4/19/16,2100.8,709.75,4940.33
4/20/16,2102.4,755.56,4948.15
4/21/16,2091.48,790.1,4945.93
4/22/16,2091.58,827.09,4906.228
4/25/16,2087.79,688.49,4895.786
4/26/16,2091.7,724.17,4888.283
4/27/16,2095.15,795.16,4863.141
4/28/16,2075.81,821.6,4805.291
4/29/16,2065.3,1027.51,4775.358
5/2/16,2081.43,786.76,4817.594
5/3/16,2063.37,795.72,4763.224
5/4/16,2051.12,794.64,4725.64
5/5/16,2050.63,761.49,4717.094
5/6/16,2057.14,756.34,4736.155
5/9/16,2058.69,738.82,4750.209
5/10/16,2084.39,672,4809.88
5/11/16,2064.46,741.54,4760.688
5/12/16,2064.11,750.42,4737.334
5/13/16,2046.61,698.43,4717.676
5/16/16,2066.66,698.98,4775.459
5/17/16,2047.21,836.6,4715.733
5/18/16,2047.63,614.18,4739.119
5/19/16,2040.04,742.83,4712.533
5/20/16,2052.32,776.25,4769.558
5/23/16,2048.04,642.98,4765.782
5/24/16,2076.06,705.86,4861.056
5/25/16,2090.54,714.4,4894.891
5/26/16,2090.1,639.85,4901.766
5/27/16,2099.06,682.08,4933.505
5/31/16,2096.96,1118.84,4948.055
6/1/16,2099.33,717.1,4952.251
6/2/16,2105.26,782.39,4971.363
6/3/16,2099.13,718.55,4942.517
6/6/16,2109.41,700.28,4968.713
6/7/16,2112.13,689.57,4961.753
6/8/16,2119.12,687.52,4974.642
6/9/16,2115.48,640.22,4958.616
6/10/16,2096.07,699.81,4894.548
6/13/16,2079.06,685.38,4848.44
6/14/16,2075.32,703.56,4843.551
6/15/16,2071.5,707.91,4834.932
6/16/16,2077.99,707.72,4844.915
6/17/16,2071.22,1697.78,4800.338
6/20/16,2083.25,719.11,4837.214
6/21/16,2088.9,671.56,4843.763
6/22/16,2085.45,653.49,4833.319
6/23/16,2113.32,675.84,4910.041
6/24/16,2037.41,2078.39,4707.979
6/27/16,2000.54,1033.97,4594.443
6/28/16,2036.09,849.44,4691.867
6/29/16,2070.77,827.94,4779.246
6/30/16,2098.86,1105.33,4842.672
7/1/16,2102.95,679.54,4862.567
7/5/16,2088.55,784.77,4822.901
7/6/16,2099.73,859.81,4859.161
7/7/16,2097.9,691.23,4876.807
7/8/16,2129.9,752.99,4956.757
7/11/16,2137.16,633.86,4988.639
7/12/16,2152.14,758.42,5022.82
7/13/16,2152.43,646.64,5005.727
7/14/16,2163.75,642.87,5034.058
7/15/16,2161.74,693.58,5029.588
7/18/16,2166.89,582.48,5055.783
7/19/16,2163.78,598.29,5036.373
7/20/16,2173.02,583.89,5089.933
7/21/16,2165.17,659.7,5073.904
7/22/16,2175.03,604.01,5100.162
7/25/16,2168.48,625.41,5097.628
7/26/16,2169.18,655.64,5110.047
7/27/16,2166.58,787.33,5139.81
7/28/16,2170.06,697.37,5154.982
7/29/16,2173.6,953.04,5162.131
8/1/16,2170.84,670.56,5184.196
8/2/16,2157.03,747.07,5137.732
8/3/16,2163.79,704.72,5159.737
8/4/16,2164.25,634.93,5166.248
8/5/16,2182.87,683.3,5221.121
8/8/16,2180.89,619.59,5213.141
8/9/16,2181.74,583.07,5225.48
8/10/16,2175.49,597.87,5204.584
8/11/16,2185.79,608.19,5228.399
8/12/16,2184.05,545.15,5232.895
8/15/16,2190.15,570.66,5262.015
8/16/16,2178.15,584.04,5227.111
8/17/16,2182.22,622.61,5228.658
8/18/16,2187.02,590.18,5240.146
8/19/16,2183.87,689.08,5238.378
8/22/16,2182.64,559.88,5244.603
8/23/16,2186.9,580.26,5260.078
8/24/16,2175.44,605.82,5217.695
8/25/16,2172.47,573.51,5212.204
8/26/16,2169.04,634.62,5218.917
8/29/16,2180.38,518.18,5232.328
8/30/16,2176.12,605.6,5222.989
8/31/16,2170.95,844.29,5213.219
9/1/16,2170.86,660.02,5227.206
9/2/16,2179.98,633,5249.899
9/6/16,2186.48,679.69,5275.908
9/7/16,2186.16,636.39,5283.926
9/8/16,2181.3,667.51,5259.482
9/9/16,2127.81,853.79,5125.908
9/12/16,2159.04,801.51,5211.888
9/13/16,2127.02,805.84,5155.255
9/14/16,2125.77,721.88,5173.771
9/15/16,2147.26,672.46,5249.686
9/16/16,2139.16,1793.97,5244.566
9/19/16,2139.12,625.88,5235.027
9/20/16,2139.76,613.88,5241.352
9/21/16,2163.12,714.95,5295.182
9/22/16,2177.18,677.29,5339.523
9/23/16,2164.69,668.23,5305.747
9/26/16,2146.1,642.78,5257.491
9/27/16,2159.93,680.98,5305.711
9/28/16,2171.37,757.72,5318.547
9/29/16,2151.13,793.95,5269.154
9/30/16,2168.27,951.03,5312.002
10/3/16,2161.2,664.64,5300.874
10/4/16,2150.49,704.58,5289.657
10/5/16,2159.73,787.99,5316.02
10/6/16,2160.77,655.55,5306.852
10/7/16,2153.74,770.25,5292.405
10/10/16,2163.66,544.02,5328.674
10/11/16,2136.73,654.97,5246.788
10/12/16,2139.18,551.78,5239.019
10/13/16,2132.55,682.81,5213.333
10/14/16,2132.98,647.74,5214.161
10/17/16,2126.5,560.05,5199.823
10/18/16,2139.6,584.89,5243.836
10/19/16,2144.29,648.68,5246.412
10/20/16,2141.34,638.95,5241.833
10/21/16,2141.16,697.99,5257.402
10/24/16,2151.33,629.18,5309.827
10/25/16,2143.16,670.59,5283.399
10/26/16,2139.43,703.01,5250.268
10/27/16,2133.04,770.02,5215.975
10/28/16,2126.41,774.79,5190.104
10/31/16,2126.15,834.6,5189.135
11/1/16,2111.72,872.62,5153.577
11/2/16,2097.94,797.86,5105.565
11/3/16,2088.66,709.63,5058.408
11/4/16,2085.18,727.68,5046.371
11/7/16,2131.52,724.67,5166.173
11/8/16,2139.56,711.18,5193.489
11/9/16,2163.26,1153.38,5251.072
11/10/16,2167.48,1149.58,5208.796
11/11/16,2164.45,899.35,5237.114
11/14/16,2164.2,922.03,5218.396
11/15/16,2180.39,823.9,5275.622
11/16/16,2176.94,689.85,5294.584
11/17/16,2187.12,678.85,5333.973
11/18/16,2181.9,756.96,5321.513
11/21/16,2198.18,677.39,5368.86
11/22/16,2202.94,709.44,5386.35
11/23/16,2204.72,648.21,5380.678
11/25/16,2213.35,318.66,5398.92
11/28/16,2201.72,676.67,5368.813
11/29/16,2204.66,725.85,5379.918
11/30/16,2198.81,1262.08,5323.681
12/1/16,2191.08,905.58,5251.107
12/2/16,2191.95,703.21,5255.652
12/5/16,2204.71,760.58,5308.892
12/6/16,2212.23,685.79,5333
12/7/16,2241.35,825.52,5393.762
12/8/16,2246.19,786.04,5417.356
12/9/16,2259.53,715.92,5444.498
12/12/16,2256.96,789.31,5412.54
12/13/16,2271.72,713.71,5463.829
12/14/16,2253.28,826.6,5436.672
12/15/16,2262.03,764.16,5456.854
12/16/16,2258.07,1824.37,5437.162
12/19/16,2262.53,617.33,5457.441
12/20/16,2270.76,630.86,5483.944
12/21/16,2265.18,535.58,5471.433
12/22/16,2260.96,558.5,5447.422
12/23/16,2263.79,394.46,5462.689
12/27/16,2268.88,370.41,5487.441
12/28/16,2249.92,476.81,5438.556
12/29/16,2249.26,454.19,5432.088
12/30/16,2238.83,634.67,5383.117
1/3/17,2257.83,778.9,5429.084
1/4/17,2270.75,736.81,5477.005
1/5/17,2269,724.53,5487.936
1/6/17,2276.98,585.19,5521.055
1/9/17,2268.9,654.71,5531.818
1/10/17,2268.9,740.71,5551.818
1/11/17,2275.32,668.54,5563.649
1/12/17,2270.44,626.75,5547.487
1/13/17,2274.64,611.2,5574.116
1/17/17,2267.89,719.52,5538.727
1/18/17,2271.89,610.97,5555.654
1/19/17,2263.69,599.23,5540.081
1/20/17,2271.31,800,5555.333
1/23/17,2265.2,595.82,5552.943
1/24/17,2280.07,676.31,5600.958
1/25/17,2298.37,699.13,5656.339
1/26/17,2296.68,652.01,5655.176
1/27/17,2294.69,600.39,5660.782
1/30/17,2280.9,698.54,5613.711
1/31/17,2278.87,872.13,5614.786
2/1/17,2279.55,711.26,5642.65
2/2/17,2280.85,702.9,5636.197
2/3/17,2297.42,679.84,5666.766
2/6/17,2292.56,610.01,5663.552
2/7/17,2293.08,649.74,5674.217
2/8/17,2294.67,669.91,5682.454
2/9/17,2307.87,656.21,5715.18
2/10/17,2316.1,622.58,5734.127
2/13/17,2328.25,618.94,5763.956
2/14/17,2337.58,646.11,5782.572
2/15/17,2349.25,657.32,5819.44
2/16/17,2347.22,672.29,5814.9
2/17/17,2351.16,763.28,5838.578
2/21/17,2365.38,698.8,5865.949
2/22/17,2362.82,635.66,5860.625
2/23/17,2363.81,735.84,5835.507
2/24/17,2367.34,754.28,5845.306
2/27/17,2369.75,745.99,5861.899
2/28/17,2363.64,959.86,5825.438
3/1/17,2395.96,810.89,5904.029
3/2/17,2381.92,712.55,5861.222
3/3/17,2383.12,651.4,5870.753
3/6/17,2375.31,635.65,5849.175
3/7/17,2368.39,638.92,5833.929
3/8/17,2362.98,695.86,5837.552
3/9/17,2364.87,662.63,5838.807
3/10/17,2372.6,653.26,5861.726
3/13/17,2373.47,569.87,5875.784
3/14/17,2365.45,584.42,5856.816
3/15/17,2385.26,694.19,5900.047
3/16/17,2381.38,627.97,5900.76
3/17/17,2378.25,1912.76,5900.997
3/20/17,2373.47,593.7,5901.529